ID,County,Channel,Ad_Spend,Impressions,Clicks,Conversions,CTR,Conversion_Rate,Revenue,ROI
1,Kakamega,YouTube Ads,"Ksh1,319.58",16405,6655,423,40.57,6.36,"Ksh24,392.62",1748.51
2,Kisumu,Radio,"Ksh6,330.95",62278,8122,782,13.04,9.63,"Ksh81,854.85",1192.93
3,Nyeri,YouTube Ads,"Ksh47,358.64",30694,9380,149,30.56,1.59,"Ksh16,476.43",-65.21
4,Eldoret,Meta Ads,"Ksh25,451.29",38709,4936,734,12.75,14.87,"Ksh90,914.95",257.21
5,Kakamega,TV,"Ksh16,347.76",86440,4192,575,4.85,13.72,"Ksh60,201.72",268.26
6,Nairobi,Billboards,"Ksh18,777.38",31522,8516,20,27.02,0.23,"Ksh1,939.77",-89.67
7,Kakamega,Meta Ads,"Ksh37,648.98",44205,1633,977,3.69,59.83,"Ksh86,372.97",129.42
8,Machakos,Billboards,"Ksh4,319.68",82208,8498,461,10.34,5.42,"Ksh75,730.97",1653.16
9,Nakuru,Newspaper,"Ksh26,329.93",96454,9257,717,9.6,7.75,"Ksh95,066.45",261.06
10,Kakamega,TV,"Ksh30,497.90",35708,8959,490,25.09,5.47,"Ksh85,420.15",180.09
11,Mombasa,YouTube Ads,"Ksh26,347.48",12856,1246,872,9.69,69.98,"Ksh120,327.19",356.69
12,Mombasa,YouTube Ads,"Ksh7,501.09",18449,617,503,3.34,81.52,"Ksh58,060.65",674.03
13,Kakamega,YouTube Ads,"Ksh14,701.89",72728,1127,218,1.55,19.34,"Ksh30,725.87",108.99
14,Machakos,Meta Ads,"Ksh40,033.57",16127,3737,175,23.17,4.68,"Ksh34,436.26",-13.98
15,Nairobi,YouTube Ads,"Ksh7,157.32",58980,6088,638,10.32,10.48,"Ksh63,415.99",786.03
16,Nairobi,Billboards,"Ksh36,676.85",92435,9098,180,9.84,1.98,"Ksh15,222.70",-58.5
17,Kisumu,Newspaper,"Ksh5,571.12",50914,5606,173,11.01,3.09,"Ksh32,957.68",491.58
18,Kisumu,TV,"Ksh12,907.94",15542,3781,483,24.33,12.77,"Ksh53,434.79",313.97
19,Nairobi,Radio,"Ksh35,046.65",30584,7592,775,24.82,10.21,"Ksh76,116.60",117.19
20,Eldoret,Billboards,"Ksh44,950.49",61887,5561,950,8.99,17.08,"Ksh84,142.65",87.19
21,Eldoret,Newspaper,"Ksh12,147.34",26943,7582,512,28.14,6.75,"Ksh88,438.52",628.05
22,Kisumu,Meta Ads,"Ksh11,594.53",39619,9789,452,24.71,4.62,"Ksh87,756.59",656.88
23,Nakuru,Newspaper,"Ksh49,452.46",57876,9701,192,16.76,1.98,"Ksh18,347.79",-62.9
24,Machakos,TV,"Ksh10,602.23",52603,3131,351,5.95,11.21,"Ksh56,729.13",435.07
25,Kakamega,YouTube Ads,"Ksh39,855.46",65604,5779,727,8.81,12.58,"Ksh133,782.86",235.67
26,Nairobi,Newspaper,"Ksh2,827.49",72315,4194,372,5.8,8.87,"Ksh68,937.38",2338.11
27,Nakuru,YouTube Ads,"Ksh28,546.09",25753,5019,764,19.49,15.22,"Ksh57,498.72",101.42
28,Kisumu,TV,"Ksh9,731.84",63790,3899,601,6.11,15.41,"Ksh104,951.03",978.43
29,Machakos,Radio,"Ksh10,799.54",31397,1914,311,6.1,16.25,"Ksh30,547.79",182.86
30,Kisumu,TV,"Ksh14,341.94",53377,3113,932,5.83,29.94,"Ksh85,442.76",495.75
31,Machakos,YouTube Ads,"Ksh22,564.03",58156,4080,770,7.02,18.87,"Ksh101,886.67",351.54
32,Kisumu,Billboards,"Ksh37,334.77",20786,7226,125,34.76,1.73,"Ksh17,939.93",-51.95
33,Machakos,Billboards,"Ksh42,001.46",91104,1010,762,1.11,75.45,"Ksh64,516.59",53.61
34,Mombasa,Meta Ads,"Ksh39,639.48",27602,2425,608,8.79,25.07,"Ksh82,331.86",107.7
35,Nakuru,YouTube Ads,"Ksh42,476.89",4945,1377,204,27.85,14.81,"Ksh36,971.19",-12.96
36,Kisumu,Meta Ads,"Ksh21,508.26",84965,377,735,0.44,194.96,"Ksh98,693.92",358.87
37,Kakamega,Newspaper,"Ksh27,152.08",36423,5423,314,14.89,5.79,"Ksh16,716.71",-38.43
38,Nakuru,TV,"Ksh46,313.20",59297,1386,808,2.34,58.3,"Ksh66,287.46",43.13
39,Nakuru,Radio,"Ksh42,217.51",28734,6139,929,21.36,15.13,"Ksh128,589.00",204.59
40,Kisumu,TV,"Ksh31,590.54",72889,7839,298,10.75,3.8,"Ksh44,890.41",42.1
41,Nyeri,Radio,"Ksh34,197.27",5556,9441,586,169.92,6.21,"Ksh58,140.27",70.01
42,Nairobi,Billboards,"Ksh48,504.84",25184,1611,150,6.4,9.31,"Ksh23,412.35",-51.73
43,Nakuru,Billboards,"Ksh31,253.62",7570,5259,769,69.47,14.62,"Ksh77,130.73",146.79
44,Mombasa,YouTube Ads,"Ksh36,740.16",15928,8402,930,52.75,11.07,"Ksh67,435.76",83.55
45,Nairobi,Billboards,"Ksh31,678.89",35961,4197,130,11.67,3.1,"Ksh8,754.97",-72.36
46,Mombasa,Newspaper,"Ksh13,766.44",17260,7828,630,45.35,8.05,"Ksh71,849.64",421.92
47,Nakuru,TV,"Ksh10,905.66",56356,2546,560,4.52,22,"Ksh107,541.85",886.11
48,Kakamega,TV,"Ksh41,397.70",61204,2015,729,3.29,36.18,"Ksh46,739.79",12.9
49,Eldoret,YouTube Ads,"Ksh12,254.17",46870,9512,940,20.29,9.88,"Ksh52,190.05",325.9
50,Kisumu,Billboards,"Ksh18,071.50",12959,4936,430,38.09,8.71,"Ksh49,711.08",175.08
51,Eldoret,Billboards,"Ksh16,176.73",87434,4568,705,5.22,15.43,"Ksh40,507.85",150.41
52,Eldoret,Newspaper,"Ksh31,077.24",20585,3646,471,17.71,12.92,"Ksh42,258.45",35.98
53,Kisumu,YouTube Ads,"Ksh19,700.41",70317,2317,575,3.3,24.82,"Ksh34,917.76",77.24
54,Kakamega,TV,"Ksh44,753.26",1859,8957,698,481.82,7.79,"Ksh129,201.48",188.7
55,Eldoret,Meta Ads,"Ksh21,037.19",23142,6464,90,27.93,1.39,"Ksh15,968.49",-24.09
56,Mombasa,Newspaper,"Ksh9,591.07",18204,5093,343,27.98,6.73,"Ksh61,482.98",541.04
57,Nyeri,TV,"Ksh27,449.99",86291,8465,561,9.81,6.63,"Ksh92,507.52",237
58,Mombasa,Meta Ads,"Ksh42,442.20",37107,2444,632,6.59,25.86,"Ksh80,019.48",88.54
59,Kakamega,Meta Ads,"Ksh9,221.35",21764,9163,277,42.1,3.02,"Ksh39,197.70",325.08
60,Machakos,YouTube Ads,"Ksh26,398.47",10665,9816,851,92.04,8.67,"Ksh161,045.72",510.06
61,Mombasa,Meta Ads,"Ksh21,490.87",49248,352,676,0.71,192.05,"Ksh35,512.69",65.25
62,Machakos,Newspaper,"Ksh1,553.81",58228,1696,727,2.91,42.87,"Ksh94,289.91",5968.3
63,Nakuru,YouTube Ads,"Ksh38,809.26",98829,2471,317,2.5,12.83,"Ksh20,680.82",-46.71
64,Nyeri,Meta Ads,"Ksh26,922.09",24000,7761,215,32.34,2.77,"Ksh22,920.57",-14.86
65,Kisumu,Radio,"Ksh22,237.04",86149,8501,969,9.87,11.4,"Ksh89,313.99",301.65
66,Nairobi,TV,"Ksh10,201.06",34964,2398,778,6.86,32.44,"Ksh154,390.43",1413.47
67,Nyeri,Radio,"Ksh44,421.29",67380,2323,44,3.45,1.89,"Ksh5,319.16",-88.03
68,Nairobi,Billboards,"Ksh13,909.51",32014,5437,285,16.98,5.24,"Ksh25,028.21",79.94
69,Nakuru,TV,"Ksh31,840.71",68530,3608,553,5.26,15.33,"Ksh82,580.49",159.36
70,Eldoret,Radio,"Ksh10,319.55",29210,8552,162,29.28,1.89,"Ksh25,013.31",142.39
71,Machakos,Radio,"Ksh10,867.44",87362,4700,452,5.38,9.62,"Ksh79,174.21",628.55
72,Nairobi,YouTube Ads,"Ksh32,502.35",38453,5221,76,13.58,1.46,"Ksh7,313.95",-77.5
73,Nyeri,TV,"Ksh17,589.22",19664,1976,649,10.05,32.84,"Ksh88,279.18",401.89
74,Mombasa,Meta Ads,"Ksh38,804.16",51347,5090,13,9.91,0.26,Ksh941.96,-97.57
75,Nakuru,Radio,"Ksh42,107.39",46002,2632,471,5.72,17.9,"Ksh23,633.99",-43.87
76,Kakamega,Radio,"Ksh37,238.17",9852,6139,978,62.31,15.93,"Ksh183,289.78",392.21
77,Nakuru,Newspaper,"Ksh22,863.77",60169,5346,835,8.88,15.62,"Ksh65,305.29",185.63
78,Eldoret,Billboards,"Ksh26,739.91",53463,312,707,0.58,226.6,"Ksh123,225.40",360.83
79,Mombasa,Radio,"Ksh45,985.57",17344,5378,373,31.01,6.94,"Ksh66,610.41",44.85
80,Machakos,Newspaper,"Ksh23,565.91",2882,3215,729,111.55,22.67,"Ksh100,257.53",325.43
81,Eldoret,Billboards,"Ksh34,255.78",32052,7513,53,23.44,0.71,"Ksh3,630.39",-89.4
82,Kakamega,Newspaper,"Ksh22,027.83",72956,4197,87,5.75,2.07,"Ksh10,117.21",-54.07
83,Nakuru,Meta Ads,"Ksh7,900.52",87831,406,772,0.46,190.15,"Ksh144,611.40",1730.4
84,Nyeri,YouTube Ads,"Ksh10,599.34",27841,7654,157,27.49,2.05,"Ksh18,183.77",71.56
85,Machakos,Newspaper,"Ksh30,137.28",29240,4111,902,14.06,21.94,"Ksh173,706.64",476.38
86,Eldoret,Meta Ads,"Ksh26,627.55",21283,9937,199,46.69,2,"Ksh18,844.22",-29.23
87,Kakamega,Billboards,"Ksh25,202.02",56652,3282,923,5.79,28.12,"Ksh145,487.70",477.29
88,Nakuru,TV,"Ksh13,761.06",29553,2245,717,7.6,31.94,"Ksh77,421.84",462.62
89,Nyeri,TV,"Ksh6,952.67",92174,2787,867,3.02,31.11,"Ksh53,314.84",666.83
90,Machakos,Billboards,"Ksh44,434.92",8621,1798,286,20.86,15.91,"Ksh35,285.41",-20.59
91,Nyeri,YouTube Ads,"Ksh25,399.01",28756,5348,351,18.6,6.56,"Ksh33,268.85",30.98
92,Nyeri,Meta Ads,"Ksh27,746.83",58962,6233,320,10.57,5.13,"Ksh30,010.26",8.16
93,Eldoret,Meta Ads,"Ksh23,315.78",92931,3885,853,4.18,21.96,"Ksh157,113.95",573.85
94,Eldoret,YouTube Ads,"Ksh38,779.77",60388,6779,406,11.23,5.99,"Ksh24,473.86",-36.89
95,Kisumu,Newspaper,"Ksh10,709.06",81568,9790,197,12,2.01,"Ksh17,569.69",64.06
96,Nyeri,Radio,"Ksh33,280.47",2959,2445,968,82.63,39.59,"Ksh147,221.88",342.37
97,Kisumu,Radio,"Ksh49,888.02",79336,1628,770,2.05,47.3,"Ksh144,108.85",188.86
98,Machakos,YouTube Ads,"Ksh4,050.93",77975,9700,983,12.44,10.13,"Ksh163,066.42",3925.41
99,Nyeri,Newspaper,"Ksh10,946.30",82432,5334,152,6.47,2.85,"Ksh29,430.75",168.86
100,Kisumu,Billboards,"Ksh31,728.04",70815,8709,472,12.3,5.42,"Ksh59,180.77",86.53
101,Mombasa,Newspaper,"Ksh25,057.98",84707,2019,178,2.38,8.82,"Ksh15,616.68",-37.68
102,Machakos,TV,"Ksh39,881.68",64078,8286,934,12.93,11.27,"Ksh94,223.04",136.26
103,Kisumu,Meta Ads,"Ksh28,711.36",79139,6274,883,7.93,14.07,"Ksh144,825.74",404.42
104,Kisumu,Newspaper,"Ksh3,027.64",65084,5021,328,7.71,6.53,"Ksh57,575.52",1801.66
105,Kakamega,Billboards,"Ksh20,512.18",58901,4343,872,7.37,20.08,"Ksh171,999.34",738.52
106,Mombasa,Meta Ads,"Ksh39,755.36",16843,8495,732,50.44,8.62,"Ksh65,312.96",64.29
107,Eldoret,YouTube Ads,"Ksh3,200.31",70918,1596,929,2.25,58.21,"Ksh68,194.74",2030.88
108,Nakuru,Billboards,"Ksh34,230.19",98625,4151,976,4.21,23.51,"Ksh88,698.68",159.12
109,Nairobi,TV,"Ksh32,668.31",67364,342,948,0.51,277.19,"Ksh109,837.86",236.22
110,Nairobi,YouTube Ads,"Ksh19,815.46",62350,5797,296,9.3,5.11,"Ksh26,094.03",31.69
111,Kakamega,Radio,"Ksh48,952.85",91981,3958,836,4.3,21.12,"Ksh162,050.79",231.03
112,Machakos,Billboards,"Ksh49,535.02",64930,831,100,1.28,12.03,"Ksh13,487.43",-72.77
113,Eldoret,TV,"Ksh3,855.71",77647,841,816,1.08,97.03,"Ksh133,487.08",3362.06
114,Eldoret,TV,"Ksh18,021.33",24849,7659,620,30.82,8.1,"Ksh49,067.28",172.27
115,Mombasa,Meta Ads,"Ksh30,267.22",21177,6518,78,30.78,1.2,"Ksh10,468.37",-65.41
116,Kakamega,Newspaper,"Ksh43,481.59",45666,2670,522,5.85,19.55,"Ksh51,270.29",17.91
117,Nyeri,TV,"Ksh15,583.52",12193,3219,320,26.4,9.94,"Ksh60,781.11",290.03
118,Nairobi,Radio,"Ksh36,317.54",5942,3470,611,58.4,17.61,"Ksh40,698.61",12.06
119,Kisumu,Meta Ads,"Ksh24,862.54",45562,909,713,2,78.44,"Ksh53,165.37",113.84
120,Eldoret,TV,"Ksh4,945.19",49290,6731,543,13.66,8.07,"Ksh102,859.30",1979.99
121,Kakamega,Radio,"Ksh10,370.48",42489,8452,114,19.89,1.35,"Ksh9,078.33",-12.46
122,Nakuru,Newspaper,"Ksh48,805.51",16316,7337,753,44.97,10.26,"Ksh86,922.02",78.1
123,Nakuru,TV,"Ksh24,034.54",73581,5833,532,7.93,9.12,"Ksh84,953.17",253.46
124,Eldoret,TV,"Ksh10,071.54",73854,6706,127,9.08,1.89,"Ksh16,413.09",62.97
125,Kisumu,TV,"Ksh24,873.67",32506,9188,930,28.27,10.12,"Ksh151,248.27",508.07
126,Nakuru,Meta Ads,"Ksh10,508.16",32245,3985,164,12.36,4.12,"Ksh15,626.11",48.7
127,Machakos,Billboards,"Ksh29,119.54",49551,8046,573,16.24,7.12,"Ksh74,008.53",154.15
128,Nyeri,TV,"Ksh36,671.95",70433,1218,288,1.73,23.65,"Ksh44,801.98",22.17
129,Mombasa,Newspaper,"Ksh48,913.10",62134,2755,870,4.43,31.58,"Ksh112,367.53",129.73
130,Kisumu,YouTube Ads,"Ksh28,857.86",47061,8798,358,18.69,4.07,"Ksh50,006.53",73.29
131,Machakos,Newspaper,"Ksh48,462.11",29256,1328,721,4.54,54.29,"Ksh42,563.21",-12.17
132,Kakamega,TV,"Ksh15,171.94",13850,545,596,3.94,109.36,"Ksh104,274.10",587.28
133,Machakos,Radio,"Ksh21,495.93",45474,2741,130,6.03,4.74,"Ksh9,753.81",-54.62
134,Nairobi,YouTube Ads,"Ksh17,517.93",23278,1604,204,6.89,12.72,"Ksh27,477.51",56.85
135,Mombasa,Radio,"Ksh14,475.20",32097,7066,772,22.01,10.93,"Ksh117,192.42",709.61
136,Mombasa,Newspaper,"Ksh49,915.90",64536,2161,437,3.35,20.22,"Ksh25,658.64",-48.6
137,Eldoret,TV,"Ksh3,053.88",65856,2577,480,3.91,18.63,"Ksh33,734.39",1004.64
138,Nairobi,Newspaper,"Ksh36,136.84",74400,8983,63,12.07,0.7,"Ksh8,732.08",-75.84
139,Kisumu,Billboards,"Ksh21,727.04",73823,9916,332,13.43,3.35,"Ksh45,819.95",110.89
140,Kisumu,TV,"Ksh20,251.52",37427,7872,310,21.03,3.94,"Ksh37,381.03",84.58
141,Kakamega,TV,"Ksh25,370.77",56380,9844,722,17.46,7.33,"Ksh97,689.39",285.05
142,Mombasa,Billboards,"Ksh44,252.66",11524,6550,169,56.84,2.58,"Ksh31,514.39",-28.79
143,Kisumu,Billboards,"Ksh11,053.42",52524,736,381,1.4,51.77,"Ksh59,058.20",434.3
144,Machakos,Newspaper,"Ksh7,015.43",38171,2498,854,6.54,34.19,"Ksh78,420.77",1017.83
145,Kakamega,YouTube Ads,"Ksh37,998.05",46302,4063,852,8.77,20.97,"Ksh116,389.04",206.3
146,Kisumu,YouTube Ads,"Ksh44,711.46",17748,2554,886,14.39,34.69,"Ksh115,001.64",157.21
147,Kisumu,Newspaper,"Ksh28,400.35",1516,6549,476,431.99,7.27,"Ksh74,696.25",163.01
148,Nyeri,TV,"Ksh28,507.23",5792,7822,716,135.05,9.15,"Ksh38,333.69",34.47
149,Nyeri,Meta Ads,"Ksh10,713.53",4946,3398,61,68.7,1.8,"Ksh4,361.07",-59.29
150,Nairobi,Newspaper,"Ksh23,428.42",48749,4936,413,10.13,8.37,"Ksh61,833.64",163.93
151,Nairobi,TV,"Ksh36,639.40",4263,144,347,3.38,240.97,"Ksh18,328.53",-49.98
152,Nairobi,Meta Ads,"Ksh26,112.98",12710,8696,901,68.42,10.36,"Ksh85,073.53",225.79
153,Kisumu,Meta Ads,"Ksh33,216.22",7801,4508,826,57.79,18.32,"Ksh75,657.40",127.77
154,Kakamega,YouTube Ads,"Ksh32,922.50",10572,6558,316,62.03,4.82,"Ksh61,990.64",88.29
155,Kisumu,Newspaper,"Ksh13,704.81",29988,5138,102,17.13,1.99,"Ksh10,639.22",-22.37
156,Mombasa,TV,"Ksh25,868.17",49438,1441,169,2.91,11.73,"Ksh13,322.97",-48.5
157,Kisumu,TV,"Ksh33,674.33",96153,4323,638,4.5,14.76,"Ksh120,746.04",258.57
158,Nyeri,Meta Ads,"Ksh7,914.60",46522,575,654,1.24,113.74,"Ksh97,733.12",1134.85
159,Nairobi,Radio,"Ksh10,232.33",46550,6364,593,13.67,9.32,"Ksh78,051.65",662.79
160,Machakos,Meta Ads,"Ksh6,053.41",2599,2149,764,82.69,35.55,"Ksh101,496.60",1576.68
161,Nairobi,Meta Ads,"Ksh33,756.84",74833,465,545,0.62,117.2,"Ksh103,354.55",206.17
162,Eldoret,Billboards,"Ksh46,888.87",20479,8404,756,41.04,9,"Ksh114,632.08",144.48
163,Kakamega,YouTube Ads,"Ksh18,800.04",50547,8302,502,16.42,6.05,"Ksh64,517.97",243.18
164,Eldoret,Meta Ads,"Ksh23,314.56",90221,8812,96,9.77,1.09,"Ksh15,292.38",-34.41
165,Nairobi,YouTube Ads,"Ksh11,607.36",3960,7159,599,180.78,8.37,"Ksh44,627.50",284.48
166,Nyeri,Radio,"Ksh41,324.25",32294,1924,274,5.96,14.24,"Ksh44,467.58",7.61
167,Nairobi,YouTube Ads,"Ksh18,815.47",59242,1237,659,2.09,53.27,"Ksh118,206.87",528.24
168,Machakos,Radio,"Ksh49,106.41",49214,5803,491,11.79,8.46,"Ksh87,472.30",78.13
169,Mombasa,TV,"Ksh27,063.93",5005,4326,334,86.43,7.72,"Ksh40,930.04",51.23
170,Nakuru,Radio,"Ksh14,536.16",53615,6407,700,11.95,10.93,"Ksh114,861.70",690.18
171,Eldoret,Meta Ads,"Ksh6,946.51",42454,9413,693,22.17,7.36,"Ksh129,001.02",1757.06
172,Nyeri,Billboards,"Ksh3,909.16",34399,6543,533,19.02,8.15,"Ksh34,514.44",782.91
173,Mombasa,Meta Ads,"Ksh43,866.80",61766,7624,532,12.34,6.98,"Ksh96,099.25",119.07
174,Eldoret,Radio,"Ksh46,837.14",39425,8157,446,20.69,5.47,"Ksh57,921.90",23.67
175,Nyeri,Meta Ads,"Ksh17,611.98",73662,1300,550,1.76,42.31,"Ksh60,529.40",243.68
176,Kisumu,YouTube Ads,"Ksh25,628.33",74355,3822,654,5.14,17.11,"Ksh48,135.16",87.82
177,Machakos,Billboards,"Ksh7,388.14",27366,9443,969,34.51,10.26,"Ksh143,850.06",1847.04
178,Nyeri,TV,"Ksh9,394.40",44463,2750,351,6.18,12.76,"Ksh56,629.05",502.8
179,Kisumu,Meta Ads,"Ksh27,485.35",31624,2784,326,8.8,11.71,"Ksh50,063.11",82.14
180,Nyeri,Newspaper,"Ksh17,869.85",50655,3227,58,6.37,1.8,"Ksh9,274.67",-48.1
181,Nairobi,Meta Ads,"Ksh43,255.50",24461,3924,890,16.04,22.68,"Ksh132,577.25",206.5
182,Mombasa,Radio,"Ksh49,197.27",72060,5761,678,7.99,11.77,"Ksh84,743.04",72.25
183,Machakos,TV,"Ksh1,545.63",5021,9931,767,197.79,7.72,"Ksh102,601.02",6538.14
184,Mombasa,Newspaper,"Ksh22,345.17",38255,632,756,1.65,119.62,"Ksh145,046.89",549.12
185,Nairobi,Meta Ads,"Ksh19,571.98",68740,4364,213,6.35,4.88,"Ksh31,413.81",60.5
186,Nakuru,YouTube Ads,"Ksh42,081.76",81541,4650,212,5.7,4.56,"Ksh26,792.44",-36.33
187,Mombasa,Billboards,"Ksh13,596.38",70597,4602,121,6.52,2.63,"Ksh12,919.44",-4.98
188,Nyeri,Radio,"Ksh42,035.12",81956,3029,479,3.7,15.81,"Ksh65,956.96",56.91
189,Eldoret,YouTube Ads,"Ksh24,195.11",33705,2296,113,6.81,4.92,"Ksh22,379.05",-7.51
190,Mombasa,YouTube Ads,"Ksh35,288.33",13725,1706,89,12.43,5.22,"Ksh7,335.04",-79.21
191,Kakamega,Newspaper,"Ksh8,124.87",36249,263,76,0.73,28.9,"Ksh13,233.18",62.87
192,Kisumu,Radio,"Ksh18,307.41",76307,4787,930,6.27,19.43,"Ksh146,384.88",699.59
193,Eldoret,Billboards,"Ksh18,004.91",68304,5876,945,8.6,16.08,"Ksh149,814.30",732.07
194,Kakamega,TV,"Ksh21,787.19",8233,2445,407,29.7,16.65,"Ksh46,216.53",112.13
195,Machakos,Meta Ads,"Ksh44,138.56",64470,2250,423,3.49,18.8,"Ksh41,004.68",-7.1
196,Kisumu,Newspaper,"Ksh3,766.57",16219,8465,951,52.19,11.23,"Ksh126,424.99",3256.5
197,Nyeri,YouTube Ads,"Ksh43,148.35",53820,4941,577,9.18,11.68,"Ksh106,159.31",146.03
198,Eldoret,Billboards,"Ksh9,150.70",10360,7559,722,72.96,9.55,"Ksh101,597.03",1010.27
199,Nakuru,Billboards,"Ksh35,387.35",10045,2992,273,29.79,9.12,"Ksh46,867.76",32.44
200,Nairobi,Newspaper,"Ksh5,229.13",37201,6811,977,18.31,14.34,"Ksh155,286.52",2869.64
201,Kakamega,Radio,"Ksh23,990.06",11512,9033,965,78.47,10.68,"Ksh155,813.31",549.49
202,Nyeri,YouTube Ads,"Ksh2,760.85",94615,3094,534,3.27,17.26,"Ksh40,334.38",1360.94
203,Mombasa,Newspaper,"Ksh32,885.15",1616,1597,429,98.82,26.86,"Ksh35,795.27",8.85
204,Eldoret,YouTube Ads,"Ksh47,158.82",58570,1416,549,2.42,38.77,"Ksh87,113.37",84.72
205,Mombasa,Meta Ads,"Ksh1,254.09",19263,2826,429,14.67,15.18,"Ksh51,695.44",4022.15
206,Nyeri,Radio,"Ksh21,336.33",38569,5770,72,14.96,1.25,"Ksh9,696.25",-54.56
207,Kisumu,Meta Ads,"Ksh10,145.40",83121,627,571,0.75,91.07,"Ksh81,588.88",704.2
208,Nairobi,Radio,"Ksh2,574.27",45282,5921,868,13.08,14.66,"Ksh45,495.22",1667.31
209,Mombasa,YouTube Ads,"Ksh29,922.22",87769,8799,677,10.03,7.69,"Ksh104,148.17",248.06
210,Mombasa,Radio,"Ksh26,084.93",78746,6516,611,8.27,9.38,"Ksh63,297.27",142.66
211,Kisumu,YouTube Ads,"Ksh25,437.60",21833,6000,920,27.48,15.33,"Ksh100,618.00",295.55
212,Nairobi,Radio,"Ksh28,717.07",98908,7787,699,7.87,8.98,"Ksh113,956.32",296.82
213,Nakuru,Newspaper,"Ksh20,116.11",88082,3462,226,3.93,6.53,"Ksh25,358.45",26.06
214,Nairobi,Billboards,"Ksh5,660.46",63478,5595,526,8.81,9.4,"Ksh41,617.90",635.24
215,Kakamega,Radio,"Ksh22,960.59",96998,8538,272,8.8,3.19,"Ksh20,201.11",-12.02
216,Nakuru,TV,"Ksh21,047.51",47740,3648,607,7.64,16.64,"Ksh54,932.32",160.99
217,Kisumu,Billboards,"Ksh31,943.58",84053,9737,694,11.58,7.13,"Ksh59,260.02",85.51
218,Kisumu,Radio,"Ksh3,165.54",61674,6471,733,10.49,11.33,"Ksh93,209.28",2844.5
219,Eldoret,Meta Ads,"Ksh20,229.92",47063,4493,601,9.55,13.38,"Ksh81,423.10",302.49
220,Kisumu,Radio,"Ksh40,315.72",94745,2651,233,2.8,8.79,"Ksh35,056.76",-13.04
221,Mombasa,Newspaper,"Ksh23,391.14",82695,9386,729,11.35,7.77,"Ksh120,708.30",416.04
222,Machakos,Radio,"Ksh4,552.33",91148,5771,153,6.33,2.65,"Ksh10,650.82",133.96
223,Eldoret,TV,"Ksh18,583.09",31416,5300,190,16.87,3.58,"Ksh13,062.92",-29.71
224,Kisumu,Meta Ads,"Ksh20,529.72",60074,8929,119,14.86,1.33,"Ksh11,744.26",-42.79
225,Eldoret,Billboards,"Ksh41,913.91",46500,6381,487,13.72,7.63,"Ksh49,007.48",16.92
226,Nakuru,YouTube Ads,"Ksh14,845.36",87268,3974,532,4.55,13.39,"Ksh49,840.05",235.73
227,Nyeri,Newspaper,"Ksh47,829.60",2182,1927,612,88.31,31.76,"Ksh73,205.49",53.05
228,Nairobi,Newspaper,"Ksh14,627.64",46225,1005,537,2.17,53.43,"Ksh82,372.52",463.13
229,Machakos,Newspaper,"Ksh15,999.09",1263,9739,595,771.1,6.11,"Ksh106,672.41",566.74
230,Kisumu,Meta Ads,"Ksh19,892.15",42728,6671,584,15.61,8.75,"Ksh63,358.79",218.51
231,Machakos,Billboards,"Ksh39,137.34",99709,5153,146,5.17,2.83,"Ksh15,866.92",-59.46
232,Eldoret,Newspaper,"Ksh10,290.53",40779,3243,358,7.95,11.04,"Ksh37,752.77",266.87
233,Mombasa,Radio,"Ksh10,520.15",8627,7390,587,85.66,7.94,"Ksh81,290.21",672.71
234,Nakuru,YouTube Ads,"Ksh17,030.14",2291,7745,61,338.06,0.79,"Ksh4,312.87",-74.68
235,Machakos,Newspaper,"Ksh39,329.03",8723,2050,762,23.5,37.17,"Ksh143,897.96",265.88
236,Nyeri,Newspaper,"Ksh25,737.37",42452,7448,160,17.54,2.15,"Ksh23,071.16",-10.36
237,Machakos,Newspaper,"Ksh20,053.72",1314,2163,16,164.61,0.74,"Ksh1,063.98",-94.69
238,Nyeri,Newspaper,"Ksh39,859.15",20773,2050,140,9.87,6.83,"Ksh25,970.02",-34.85
239,Kakamega,YouTube Ads,"Ksh47,092.59",40208,4499,147,11.19,3.27,"Ksh23,710.53",-49.65
240,Nakuru,TV,"Ksh45,151.12",37031,6374,867,17.21,13.6,"Ksh132,834.72",194.2
241,Mombasa,TV,"Ksh43,757.27",9797,765,550,7.81,71.9,"Ksh88,695.42",102.7
242,Kisumu,Radio,"Ksh24,095.24",74370,637,893,0.86,140.19,"Ksh150,519.87",524.69
243,Eldoret,Newspaper,"Ksh8,179.99",85717,5190,944,6.05,18.19,"Ksh186,715.32",2182.59
244,Nyeri,TV,"Ksh36,349.43",5632,402,930,7.14,231.34,"Ksh80,736.17",122.11
245,Machakos,YouTube Ads,"Ksh36,671.20",73140,6016,30,8.23,0.5,"Ksh2,937.15",-91.99
246,Nairobi,Radio,"Ksh28,807.81",7440,2865,450,38.51,15.71,"Ksh54,712.54",89.92
247,Nairobi,Radio,"Ksh26,151.40",47132,6563,804,13.92,12.25,"Ksh152,745.61",484.08
248,Mombasa,Billboards,"Ksh7,781.84",76058,8408,735,11.05,8.74,"Ksh142,010.32",1724.89
249,Nyeri,Newspaper,"Ksh38,763.77",54602,3432,153,6.29,4.46,"Ksh10,911.89",-71.85
250,Kakamega,YouTube Ads,"Ksh5,800.26",13034,3452,100,26.48,2.9,"Ksh10,946.94",88.73
251,Machakos,Billboards,"Ksh14,067.00",46539,6131,316,13.17,5.15,"Ksh29,180.35",107.44
252,Nairobi,Radio,"Ksh39,783.74",61757,6147,238,9.95,3.87,"Ksh37,143.00",-6.64
253,Eldoret,TV,"Ksh10,637.57",95094,402,278,0.42,69.15,"Ksh49,473.54",365.08
254,Eldoret,YouTube Ads,"Ksh38,365.00",56267,8774,124,15.59,1.41,"Ksh24,196.57",-36.93
255,Nairobi,Newspaper,"Ksh44,366.31",16859,678,396,4.02,58.41,"Ksh75,234.50",69.58
256,Nairobi,YouTube Ads,"Ksh6,863.94",83313,4894,405,5.87,8.28,"Ksh69,272.72",909.23
257,Kisumu,Newspaper,"Ksh13,878.88",39381,4052,619,10.29,15.28,"Ksh56,026.30",303.68
258,Kakamega,Billboards,"Ksh9,711.44",23441,6335,281,27.03,4.44,"Ksh49,986.50",414.72
259,Nyeri,YouTube Ads,"Ksh16,551.71",58393,9119,709,15.62,7.77,"Ksh54,553.37",229.59
260,Kisumu,Radio,"Ksh47,088.92",91011,3109,965,3.42,31.04,"Ksh147,500.08",213.24
261,Nairobi,Radio,"Ksh46,326.04",29750,4869,568,16.37,11.67,"Ksh96,505.95",108.32
262,Nairobi,TV,"Ksh19,639.35",2274,9353,196,411.3,2.1,"Ksh19,475.60",-0.83
263,Kisumu,Radio,"Ksh11,653.30",35415,6316,467,17.83,7.39,"Ksh84,478.02",624.93
264,Nairobi,YouTube Ads,"Ksh48,403.54",67675,3375,394,4.99,11.67,"Ksh35,753.74",-26.13
265,Kisumu,Billboards,"Ksh23,019.00",43474,2346,425,5.4,18.12,"Ksh24,195.37",5.11
266,Eldoret,YouTube Ads,"Ksh32,247.89",46649,7347,419,15.75,5.7,"Ksh72,896.74",126.05
267,Machakos,Billboards,"Ksh1,704.72",40662,7797,319,19.18,4.09,"Ksh18,177.28",966.29
268,Nairobi,Newspaper,"Ksh38,568.91",58285,6010,885,10.31,14.73,"Ksh140,267.47",263.68
269,Nyeri,YouTube Ads,"Ksh39,653.50",2626,6495,543,247.33,8.36,"Ksh104,434.26",163.37
270,Nyeri,YouTube Ads,"Ksh43,382.55",48988,1291,32,2.64,2.48,"Ksh6,223.34",-85.65
271,Mombasa,TV,"Ksh14,641.45",81470,8327,62,10.22,0.74,"Ksh11,180.09",-23.64
272,Eldoret,Radio,"Ksh21,213.76",75882,905,571,1.19,63.09,"Ksh79,430.81",274.43
273,Machakos,TV,"Ksh20,933.45",43300,4210,937,9.72,22.26,"Ksh91,657.31",337.85
274,Kakamega,Newspaper,"Ksh16,819.95",66729,8086,191,12.12,2.36,"Ksh30,517.90",81.44
275,Mombasa,TV,"Ksh45,398.52",84788,1495,790,1.76,52.84,"Ksh113,442.88",149.88
276,Eldoret,YouTube Ads,"Ksh38,085.50",89990,7824,55,8.69,0.7,"Ksh9,976.89",-73.8
277,Nairobi,YouTube Ads,"Ksh47,622.09",54314,4132,495,7.61,11.98,"Ksh49,631.90",4.22
278,Mombasa,YouTube Ads,"Ksh22,870.81",3408,2872,196,84.27,6.82,"Ksh32,679.85",42.89
279,Mombasa,Radio,"Ksh36,276.61",18041,9597,380,53.2,3.96,"Ksh46,546.73",28.31
280,Nyeri,Newspaper,"Ksh35,766.87",25981,5585,51,21.5,0.91,"Ksh5,253.06",-85.31
281,Kakamega,Newspaper,"Ksh43,756.31",34041,7831,290,23,3.7,"Ksh51,402.11",17.47
282,Nakuru,TV,"Ksh1,084.64",27555,3172,613,11.51,19.33,"Ksh65,155.52",5907.11
283,Nairobi,Radio,"Ksh25,292.09",85542,4584,792,5.36,17.28,"Ksh110,748.42",337.88
284,Nairobi,Radio,"Ksh26,158.61",21066,2128,568,10.1,26.69,"Ksh83,359.75",218.67
285,Nyeri,Radio,"Ksh48,844.24",22145,8514,478,38.45,5.61,"Ksh51,278.23",4.98
286,Mombasa,Newspaper,"Ksh36,063.59",43031,3072,300,7.14,9.77,"Ksh54,202.51",50.3
287,Machakos,Billboards,"Ksh47,444.87",82925,7715,397,9.3,5.15,"Ksh47,040.07",-0.85
288,Kakamega,TV,"Ksh6,949.41",83791,7050,686,8.41,9.73,"Ksh110,506.32",1490.15
289,Mombasa,YouTube Ads,"Ksh32,656.32",32062,7932,388,24.74,4.89,"Ksh72,533.23",122.11
290,Mombasa,Meta Ads,"Ksh46,881.45",56090,9086,762,16.2,8.39,"Ksh124,802.75",166.21
291,Nakuru,Radio,"Ksh5,697.85",38230,9674,91,25.3,0.94,"Ksh16,137.73",183.22
292,Nairobi,YouTube Ads,"Ksh3,542.56",57682,197,478,0.34,242.64,"Ksh64,600.93",1723.57
293,Nairobi,Billboards,"Ksh41,883.22",36019,3088,462,8.57,14.96,"Ksh52,093.74",24.38
294,Eldoret,TV,"Ksh1,533.32",1846,5316,155,287.97,2.92,"Ksh14,360.08",836.54
295,Mombasa,Radio,"Ksh29,814.70",62537,8240,50,13.18,0.61,"Ksh5,989.97",-79.91
296,Mombasa,Radio,"Ksh46,476.01",31747,4212,716,13.27,17,"Ksh57,375.78",23.45
297,Machakos,Meta Ads,"Ksh3,744.31",21671,2411,226,11.13,9.37,"Ksh42,008.10",1021.92
298,Kisumu,TV,"Ksh29,535.48",5305,4197,680,79.11,16.2,"Ksh40,008.19",35.46
299,Kakamega,TV,"Ksh40,917.01",49678,1337,142,2.69,10.62,"Ksh21,227.24",-48.12
300,Eldoret,YouTube Ads,"Ksh32,174.53",18367,7031,243,38.28,3.46,"Ksh22,639.06",-29.64
301,Nyeri,Radio,"Ksh40,810.10",22982,2655,180,11.55,6.78,"Ksh15,399.21",-62.27
302,Eldoret,TV,"Ksh10,186.65",16036,6269,802,39.09,12.79,"Ksh110,596.43",985.7
303,Nakuru,TV,"Ksh13,568.45",33803,7914,799,23.41,10.1,"Ksh60,368.95",344.92
304,Nairobi,Billboards,"Ksh30,145.27",61427,2002,360,3.26,17.98,"Ksh44,337.81",47.08
305,Nakuru,Newspaper,"Ksh47,890.31",14933,5341,576,35.77,10.78,"Ksh31,105.79",-35.05
306,Nakuru,YouTube Ads,"Ksh3,729.57",87224,1306,237,1.5,18.15,"Ksh23,273.61",524.03
307,Machakos,Newspaper,"Ksh5,352.91",29009,728,950,2.51,130.49,"Ksh97,751.31",1726.13
308,Mombasa,YouTube Ads,"Ksh16,613.40",2606,7417,238,284.61,3.21,"Ksh15,745.19",-5.23
309,Mombasa,Meta Ads,"Ksh42,168.12",51616,7403,626,14.34,8.46,"Ksh77,699.84",84.26
310,Mombasa,Meta Ads,"Ksh33,547.91",2571,4607,836,179.19,18.15,"Ksh66,394.61",97.91
311,Nakuru,Meta Ads,"Ksh28,779.96",24570,5488,930,22.34,16.95,"Ksh169,164.33",487.79
312,Nyeri,Radio,"Ksh24,733.61",93937,1121,29,1.19,2.59,"Ksh2,925.93",-88.17
313,Nairobi,Billboards,"Ksh44,277.24",50563,7368,403,14.57,5.47,"Ksh44,942.99",1.5
314,Nairobi,Newspaper,"Ksh13,113.07",4802,3686,951,76.76,25.8,"Ksh109,663.48",736.29
315,Machakos,YouTube Ads,"Ksh47,194.86",79046,5006,315,6.33,6.29,"Ksh61,911.29",31.18
316,Kakamega,TV,"Ksh32,229.81",73480,2071,768,2.82,37.08,"Ksh50,531.52",56.79
317,Mombasa,Billboards,"Ksh38,299.25",42568,7781,297,18.28,3.82,"Ksh49,229.42",28.54
318,Kakamega,Billboards,"Ksh40,399.76",23417,8392,905,35.84,10.78,"Ksh52,306.62",29.47
319,Mombasa,Meta Ads,"Ksh35,396.77",93521,9197,388,9.83,4.22,"Ksh50,006.40",41.27
320,Kisumu,Billboards,"Ksh37,748.28",45568,5402,820,11.85,15.18,"Ksh58,166.17",54.09
321,Nairobi,TV,"Ksh24,028.98",17740,8360,121,47.13,1.45,"Ksh6,416.90",-73.3
322,Eldoret,YouTube Ads,"Ksh30,181.00",31257,3142,139,10.05,4.42,"Ksh10,917.96",-63.83
323,Nakuru,Billboards,"Ksh44,835.62",18371,3138,947,17.08,30.18,"Ksh80,133.37",78.73
324,Eldoret,Billboards,"Ksh25,451.51",91856,8812,99,9.59,1.12,"Ksh14,904.86",-41.44
325,Eldoret,Newspaper,"Ksh8,373.15",23919,7796,253,32.59,3.25,"Ksh30,791.00",267.73
326,Nairobi,YouTube Ads,"Ksh18,780.08",84006,5745,945,6.84,16.45,"Ksh184,182.61",880.73
327,Machakos,Billboards,"Ksh15,569.60",30351,4956,47,16.33,0.95,"Ksh3,925.28",-74.79
328,Kakamega,Newspaper,"Ksh43,106.89",50620,4740,950,9.36,20.04,"Ksh105,178.33",143.99
329,Machakos,Newspaper,"Ksh21,888.86",19162,1947,324,10.16,16.64,"Ksh47,723.18",118.02
330,Kakamega,TV,"Ksh15,980.70",35720,9181,999,25.7,10.88,"Ksh67,036.36",319.48
331,Nakuru,Meta Ads,"Ksh16,424.39",26885,9326,14,34.69,0.15,"Ksh2,282.89",-86.1
332,Nakuru,YouTube Ads,"Ksh28,435.65",52373,5979,675,11.42,11.29,"Ksh44,961.68",58.12
333,Kisumu,Billboards,"Ksh21,407.54",71733,1634,478,2.28,29.25,"Ksh34,346.79",60.44
334,Kisumu,Newspaper,"Ksh11,475.85",9606,8283,127,86.23,1.53,"Ksh21,098.52",83.85
335,Kisumu,TV,"Ksh1,863.35",22139,7716,47,34.85,0.61,"Ksh3,871.84",107.79
336,Machakos,Billboards,"Ksh3,966.86",93733,9904,678,10.57,6.85,"Ksh133,472.04",3264.68
337,Kisumu,Billboards,"Ksh24,675.75",73476,3189,990,4.34,31.04,"Ksh117,040.46",374.31
338,Eldoret,Newspaper,"Ksh48,407.83",26860,7884,969,29.35,12.29,"Ksh74,863.30",54.65
339,Eldoret,Meta Ads,"Ksh21,868.09",68702,846,249,1.23,29.43,"Ksh49,684.52",127.2
340,Machakos,TV,"Ksh9,458.47",14151,1264,379,8.93,29.98,"Ksh33,456.78",253.72
341,Nakuru,YouTube Ads,"Ksh7,718.37",93719,5837,765,6.23,13.11,"Ksh47,804.00",519.35
342,Kakamega,Meta Ads,"Ksh19,594.65",92398,8464,230,9.16,2.72,"Ksh42,793.02",118.39
343,Kakamega,YouTube Ads,"Ksh45,374.14",87101,276,440,0.32,159.42,"Ksh36,537.24",-19.48
344,Nakuru,Newspaper,"Ksh40,956.61",5191,1062,543,20.46,51.13,"Ksh59,999.47",46.5
345,Mombasa,Newspaper,"Ksh12,153.06",7589,8822,543,116.25,6.16,"Ksh28,177.40",131.85
346,Kakamega,YouTube Ads,"Ksh44,541.49",44144,3115,894,7.06,28.7,"Ksh154,533.90",246.94
347,Kisumu,Meta Ads,"Ksh25,307.23",70512,246,600,0.35,243.9,"Ksh96,184.41",280.07
348,Kakamega,YouTube Ads,"Ksh31,505.66",8903,4402,980,49.44,22.26,"Ksh178,361.58",466.13
349,Nakuru,Meta Ads,"Ksh23,274.86",79714,5703,36,7.15,0.63,"Ksh6,212.86",-73.31
350,Kisumu,YouTube Ads,"Ksh5,976.00",41342,841,1000,2.03,118.91,"Ksh179,483.63",2903.41
351,Kakamega,Meta Ads,"Ksh42,816.26",47047,237,15,0.5,6.33,"Ksh2,706.53",-93.68
352,Kakamega,Billboards,"Ksh26,903.58",47598,9649,547,20.27,5.67,"Ksh60,700.97",125.62
353,Machakos,TV,"Ksh33,409.00",26971,5313,955,19.7,17.97,"Ksh50,653.87",51.62
354,Mombasa,Billboards,"Ksh18,833.27",42275,944,676,2.23,71.61,"Ksh99,209.59",426.78
355,Kisumu,TV,"Ksh32,627.24",79230,470,60,0.59,12.77,"Ksh7,623.09",-76.64
356,Nyeri,TV,"Ksh29,867.62",91788,5872,991,6.4,16.88,"Ksh137,469.28",360.26
357,Eldoret,TV,"Ksh5,496.87",7597,4978,456,65.53,9.16,"Ksh48,116.98",775.35
358,Nairobi,YouTube Ads,"Ksh39,285.74",93155,3374,142,3.62,4.21,"Ksh19,704.60",-49.84
359,Machakos,Billboards,"Ksh38,766.74",73007,3575,185,4.9,5.17,"Ksh29,481.40",-23.95
360,Mombasa,Meta Ads,"Ksh40,422.00",89215,9203,186,10.32,2.02,"Ksh33,694.20",-16.64
361,Kisumu,Newspaper,"Ksh35,515.87",1251,8892,581,710.79,6.53,"Ksh83,959.31",136.4
362,Nairobi,Billboards,"Ksh22,783.19",68805,5429,597,7.89,11,"Ksh118,844.32",421.63
363,Eldoret,YouTube Ads,"Ksh13,171.02",10790,6295,844,58.34,13.41,"Ksh43,367.25",229.26
364,Kisumu,Radio,"Ksh39,230.61",71742,8221,410,11.46,4.99,"Ksh38,712.07",-1.32
365,Mombasa,Billboards,"Ksh13,567.67",53427,6568,821,12.29,12.5,"Ksh50,688.52",273.6
366,Nyeri,TV,"Ksh22,661.67",73862,8015,443,10.85,5.53,"Ksh63,250.22",179.11
367,Mombasa,TV,"Ksh14,389.19",81877,3037,360,3.71,11.85,"Ksh19,557.06",35.91
368,Kakamega,Billboards,"Ksh17,634.42",84934,809,101,0.95,12.48,"Ksh11,556.27",-34.47
369,Eldoret,Meta Ads,"Ksh29,353.31",37262,8973,298,24.08,3.32,"Ksh35,975.95",22.56
370,Eldoret,Radio,"Ksh41,126.01",51982,4463,185,8.59,4.15,"Ksh31,721.16",-22.87
371,Eldoret,TV,"Ksh14,958.52",99416,2203,868,2.22,39.4,"Ksh123,830.08",727.82
372,Mombasa,TV,"Ksh37,681.61",34475,6039,144,17.52,2.38,"Ksh8,154.36",-78.36
373,Kakamega,Newspaper,"Ksh26,509.80",5237,6571,996,125.47,15.16,"Ksh80,204.08",202.55
374,Mombasa,Newspaper,"Ksh31,592.65",39675,689,68,1.74,9.87,"Ksh12,518.64",-60.37
375,Mombasa,Billboards,"Ksh41,669.10",59141,4097,687,6.93,16.77,"Ksh61,946.52",48.66
376,Machakos,TV,"Ksh44,349.76",65438,4138,141,6.32,3.41,"Ksh20,775.90",-53.15
377,Eldoret,Newspaper,"Ksh22,122.54",85976,704,465,0.82,66.05,"Ksh56,143.66",153.78
378,Machakos,TV,"Ksh31,267.80",42543,1948,828,4.58,42.51,"Ksh144,173.92",361.09
379,Nairobi,Billboards,"Ksh34,634.45",22417,2086,608,9.31,29.15,"Ksh75,464.36",117.89
380,Nairobi,Meta Ads,"Ksh45,744.96",56020,9184,553,16.39,6.02,"Ksh34,313.63",-24.99
381,Nakuru,TV,"Ksh32,802.47",86804,4405,879,5.07,19.95,"Ksh134,526.82",310.11
382,Kakamega,Billboards,"Ksh2,642.99",36105,3461,549,9.59,15.86,"Ksh30,146.38",1040.62
383,Machakos,Radio,"Ksh9,132.59",33468,8505,810,25.41,9.52,"Ksh112,776.70",1134.88
384,Nakuru,Radio,"Ksh46,154.53",76234,2003,492,2.63,24.56,"Ksh39,876.28",-13.6
385,Mombasa,Radio,"Ksh28,941.42",10092,2930,369,29.03,12.59,"Ksh44,264.14",52.94
386,Kakamega,Radio,"Ksh37,799.74",80659,3093,546,3.83,17.65,"Ksh34,579.33",-8.52
387,Kakamega,Newspaper,"Ksh42,550.45",67842,9160,308,13.5,3.36,"Ksh45,251.11",6.35
388,Kakamega,TV,"Ksh47,495.02",69134,5550,228,8.03,4.11,"Ksh33,775.06",-28.89
389,Kakamega,Billboards,"Ksh28,635.98",90412,512,691,0.57,134.96,"Ksh37,332.49",30.37
390,Nairobi,Billboards,"Ksh44,698.10",41581,1892,474,4.55,25.05,"Ksh76,147.72",70.36
391,Mombasa,YouTube Ads,"Ksh6,484.34",5402,8657,99,160.26,1.14,"Ksh9,928.03",53.11
392,Nakuru,Billboards,"Ksh15,576.46",36374,399,987,1.1,247.37,"Ksh117,068.14",651.57
393,Machakos,Meta Ads,"Ksh14,744.13",90131,3873,339,4.3,8.75,"Ksh49,535.59",235.97
394,Nairobi,Newspaper,"Ksh49,408.38",52560,8584,46,16.33,0.54,"Ksh8,873.56",-82.04
395,Kakamega,Meta Ads,"Ksh27,358.00",94127,3192,866,3.39,27.13,"Ksh60,209.35",120.08
396,Nyeri,TV,"Ksh29,783.22",31542,8347,301,26.46,3.61,"Ksh42,313.61",42.07
397,Nyeri,Newspaper,"Ksh42,028.78",44997,9967,66,22.15,0.66,"Ksh5,722.78",-86.38
398,Nairobi,YouTube Ads,"Ksh25,005.15",69449,2095,628,3.02,29.98,"Ksh109,051.31",336.12
399,Nakuru,Billboards,"Ksh37,601.12",91564,6375,47,6.96,0.74,"Ksh9,183.66",-75.58
400,Kisumu,Newspaper,"Ksh40,020.50",55343,7742,944,13.99,12.19,"Ksh135,596.96",238.82
401,Machakos,TV,"Ksh20,519.60",72825,8156,521,11.2,6.39,"Ksh63,625.16",210.07
402,Machakos,TV,"Ksh39,826.25",82576,5834,758,7.07,12.99,"Ksh149,922.83",276.44
403,Nakuru,Meta Ads,"Ksh32,006.75",87663,8621,934,9.83,10.83,"Ksh163,193.78",409.87
404,Kakamega,Billboards,"Ksh38,531.51",12378,9750,68,78.77,0.7,"Ksh9,705.63",-74.81
405,Mombasa,YouTube Ads,"Ksh30,343.79",14563,3590,460,24.65,12.81,"Ksh25,156.37",-17.1
406,Kakamega,TV,"Ksh22,537.70",54617,9781,500,17.91,5.11,"Ksh70,047.22",210.8
407,Nairobi,Newspaper,"Ksh35,343.79",64761,2257,894,3.49,39.61,"Ksh74,145.64",109.78
408,Kakamega,YouTube Ads,"Ksh3,988.25",16345,4523,415,27.67,9.18,"Ksh43,395.34",988.08
409,Nairobi,TV,"Ksh18,097.72",85228,8835,508,10.37,5.75,"Ksh62,240.69",243.91
410,Mombasa,Meta Ads,"Ksh30,788.47",29524,3487,696,11.81,19.96,"Ksh96,795.33",214.39
411,Kakamega,TV,"Ksh34,221.55",32304,5731,53,17.74,0.92,"Ksh3,424.64",-89.99
412,Machakos,YouTube Ads,"Ksh17,179.33",84488,4884,970,5.78,19.86,"Ksh112,902.61",557.2
413,Kisumu,Newspaper,"Ksh24,233.50",25837,2659,126,10.29,4.74,"Ksh20,063.97",-17.21
414,Nakuru,YouTube Ads,"Ksh21,503.51",62045,9840,638,15.86,6.48,"Ksh126,027.11",486.08
415,Nakuru,TV,"Ksh20,637.54",36384,1469,252,4.04,17.15,"Ksh46,718.17",126.37
416,Eldoret,Billboards,"Ksh9,768.15",2676,3372,811,126.01,24.05,"Ksh114,436.07",1071.52
417,Nakuru,TV,"Ksh47,033.96",9766,5386,513,55.15,9.52,"Ksh80,261.69",70.65
418,Nakuru,YouTube Ads,"Ksh3,500.24",47634,1961,598,4.12,30.49,"Ksh106,321.39",2937.55
419,Kakamega,TV,"Ksh25,170.84",19672,6943,821,35.29,11.82,"Ksh147,015.52",484.07
420,Mombasa,Newspaper,"Ksh12,087.21",62384,2675,969,4.29,36.22,"Ksh188,188.76",1456.92
421,Kakamega,Newspaper,"Ksh9,789.57",22686,1748,583,7.71,33.35,"Ksh33,360.81",240.78
422,Machakos,Billboards,"Ksh23,635.36",55974,5448,991,9.73,18.19,"Ksh151,775.44",542.15
423,Eldoret,Radio,"Ksh13,489.69",64783,9783,912,15.1,9.32,"Ksh85,836.01",536.31
424,Nakuru,Radio,"Ksh47,711.98",28043,9034,489,32.21,5.41,"Ksh73,290.73",53.61
425,Nairobi,Meta Ads,"Ksh25,646.39",37651,8061,449,21.41,5.57,"Ksh32,726.88",27.61
426,Mombasa,Meta Ads,"Ksh37,975.36",69056,3805,129,5.51,3.39,"Ksh23,704.32",-37.58
427,Nakuru,YouTube Ads,"Ksh30,856.37",29272,7359,857,25.14,11.65,"Ksh128,586.21",316.73
428,Kakamega,Billboards,"Ksh33,735.47",36123,4486,407,12.42,9.07,"Ksh46,360.52",37.42
429,Eldoret,Newspaper,"Ksh18,418.98",69180,8063,193,11.66,2.39,"Ksh17,355.47",-5.77
430,Eldoret,Billboards,"Ksh19,478.67",44845,6492,776,14.48,11.95,"Ksh100,528.66",416.1
431,Nyeri,Newspaper,"Ksh25,988.59",25388,5006,147,19.72,2.94,"Ksh16,830.65",-35.24
432,Nairobi,YouTube Ads,"Ksh49,954.48",10316,7920,225,76.77,2.84,"Ksh21,137.58",-57.69
433,Eldoret,Newspaper,"Ksh19,411.01",66970,3383,414,5.05,12.24,"Ksh41,692.93",114.79
434,Nairobi,Radio,"Ksh22,854.19",29082,6764,389,23.26,5.75,"Ksh57,755.07",152.71
435,Kisumu,YouTube Ads,"Ksh23,537.83",53789,419,803,0.78,191.65,"Ksh136,371.05",479.37
436,Kisumu,TV,"Ksh44,510.15",13407,895,247,6.68,27.6,"Ksh20,968.00",-52.89
437,Kakamega,YouTube Ads,"Ksh4,098.87",58246,8911,285,15.3,3.2,"Ksh50,209.04",1124.95
438,Mombasa,Meta Ads,"Ksh31,848.74",42051,522,939,1.24,179.89,"Ksh182,776.67",473.89
439,Eldoret,YouTube Ads,"Ksh43,157.65",94089,3311,336,3.52,10.15,"Ksh27,315.26",-36.71
440,Kisumu,YouTube Ads,"Ksh17,393.99",8591,686,829,7.99,120.85,"Ksh126,470.13",627.09
441,Mombasa,Billboards,"Ksh45,025.14",68174,5459,967,8.01,17.71,"Ksh121,196.92",169.18
442,Kisumu,Radio,"Ksh38,720.95",55373,9894,372,17.87,3.76,"Ksh30,681.46",-20.76
443,Kisumu,YouTube Ads,"Ksh13,943.43",64500,6645,837,10.3,12.6,"Ksh42,124.49",202.11
444,Kisumu,Billboards,"Ksh9,913.95",41503,1887,69,4.55,3.66,"Ksh6,395.64",-35.49
445,Nairobi,Newspaper,"Ksh15,909.40",25600,6860,330,26.8,4.81,"Ksh31,684.50",99.16
446,Machakos,Billboards,"Ksh29,883.97",63968,2854,447,4.46,15.66,"Ksh82,196.41",175.05
447,Eldoret,Billboards,"Ksh15,848.29",42781,3993,298,9.33,7.46,"Ksh38,029.44",139.96
448,Nakuru,Radio,"Ksh23,868.76",56273,3686,701,6.55,19.02,"Ksh56,500.11",136.71
449,Mombasa,TV,"Ksh19,536.09",8148,9486,452,116.42,4.76,"Ksh89,271.70",356.96
450,Nairobi,Newspaper,"Ksh36,821.30",9245,3402,444,36.8,13.05,"Ksh64,060.56",73.98
451,Nyeri,TV,"Ksh27,598.62",84922,7695,204,9.06,2.65,"Ksh39,213.51",42.09
452,Nakuru,TV,"Ksh41,787.91",63305,840,45,1.33,5.36,"Ksh6,110.02",-85.38
453,Kakamega,Newspaper,"Ksh33,009.54",37895,4027,392,10.63,9.73,"Ksh75,659.17",129.2
454,Nyeri,YouTube Ads,"Ksh41,515.40",35234,8868,523,25.17,5.9,"Ksh62,603.99",50.8
455,Nairobi,YouTube Ads,"Ksh32,196.83",95068,8997,193,9.46,2.15,"Ksh25,459.63",-20.93
456,Nyeri,Meta Ads,"Ksh36,082.79",62617,2723,277,4.35,10.17,"Ksh30,588.14",-15.23
457,Eldoret,TV,"Ksh21,736.71",4943,2322,780,46.98,33.59,"Ksh113,239.83",420.96
458,Machakos,Newspaper,"Ksh49,748.92",70315,9671,910,13.75,9.41,"Ksh130,148.34",161.61
459,Kakamega,Newspaper,"Ksh49,335.16",69904,8884,386,12.71,4.34,"Ksh66,002.69",33.78
460,Kakamega,Meta Ads,"Ksh10,087.68",11815,8548,879,72.35,10.28,"Ksh57,560.24",470.6
461,Mombasa,Newspaper,"Ksh25,249.86",12755,8720,773,68.37,8.86,"Ksh121,272.44",380.29
462,Eldoret,Billboards,"Ksh8,415.73",57810,5167,32,8.94,0.62,"Ksh3,844.25",-54.32
463,Kisumu,Radio,"Ksh29,067.70",63582,6039,19,9.5,0.31,"Ksh2,024.34",-93.04
464,Kakamega,TV,"Ksh10,847.19",85302,9889,703,11.59,7.11,"Ksh89,781.51",727.69
465,Machakos,Billboards,"Ksh39,397.75",13528,1942,933,14.36,48.04,"Ksh121,984.10",209.62
466,Eldoret,TV,"Ksh29,098.17",46840,180,692,0.38,384.44,"Ksh114,844.91",294.68
467,Eldoret,Radio,"Ksh4,472.72",81221,5421,510,6.67,9.41,"Ksh39,321.59",779.14
468,Mombasa,TV,"Ksh25,238.77",32481,4985,892,15.35,17.89,"Ksh172,767.02",584.53
469,Nyeri,Meta Ads,"Ksh27,180.58",89997,5860,164,6.51,2.8,"Ksh24,054.71",-11.5
470,Nakuru,Radio,"Ksh37,394.37",53470,6095,851,11.4,13.96,"Ksh71,584.23",91.43
471,Eldoret,Billboards,"Ksh48,487.57",81700,5043,802,6.17,15.9,"Ksh74,423.38",53.49
472,Kakamega,Meta Ads,"Ksh11,711.62",78102,6061,374,7.76,6.17,"Ksh24,633.22",110.33
473,Kisumu,Newspaper,"Ksh45,276.76",89854,5384,378,5.99,7.02,"Ksh59,811.61",32.1
474,Kakamega,YouTube Ads,"Ksh22,270.70",36587,2771,246,7.57,8.88,"Ksh16,754.77",-24.77
475,Kisumu,Radio,"Ksh14,715.73",67139,783,416,1.17,53.13,"Ksh36,812.05",150.15
476,Mombasa,Radio,"Ksh13,676.75",89715,391,210,0.44,53.71,"Ksh30,884.93",125.82
477,Kakamega,Meta Ads,"Ksh24,132.05",79355,4524,955,5.7,21.11,"Ksh130,677.13",441.51
478,Machakos,Meta Ads,"Ksh48,244.85",60493,3665,865,6.06,23.6,"Ksh79,623.81",65.04
479,Mombasa,Meta Ads,"Ksh10,184.07",80724,6812,836,8.44,12.27,"Ksh127,450.87",1151.47
480,Nairobi,Newspaper,"Ksh11,879.61",79319,3722,158,4.69,4.25,"Ksh10,375.41",-12.66
481,Kakamega,TV,"Ksh23,116.15",34453,8886,676,25.79,7.61,"Ksh121,353.60",424.97
482,Kisumu,TV,"Ksh35,594.87",78782,7594,45,9.64,0.59,"Ksh7,550.82",-78.79
483,Kisumu,TV,"Ksh13,020.21",14071,5160,142,36.67,2.75,"Ksh10,899.21",-16.29
484,Machakos,Newspaper,"Ksh1,337.36",39666,9058,786,22.84,8.68,"Ksh151,983.17",11264.42
485,Eldoret,Radio,"Ksh34,520.58",82078,8740,671,10.65,7.68,"Ksh129,012.54",273.73
486,Nyeri,TV,"Ksh48,584.63",99787,2471,438,2.48,17.73,"Ksh76,958.85",58.4
487,Mombasa,Billboards,"Ksh21,008.83",12569,6933,451,55.16,6.51,"Ksh41,518.64",97.62
488,Nakuru,Meta Ads,"Ksh24,900.74",35801,6906,880,19.29,12.74,"Ksh90,245.57",262.42
489,Nairobi,Meta Ads,"Ksh45,195.26",22955,5833,199,25.41,3.41,"Ksh16,322.07",-63.89
490,Eldoret,Billboards,"Ksh17,172.04",82796,5000,689,6.04,13.78,"Ksh85,508.27",397.95
491,Nyeri,YouTube Ads,"Ksh30,006.04",94659,2535,211,2.68,8.32,"Ksh28,223.38",-5.94
492,Nyeri,Newspaper,"Ksh31,151.46",3278,6104,866,186.21,14.19,"Ksh83,758.61",168.88
493,Nyeri,Meta Ads,"Ksh18,826.94",38145,6836,814,17.92,11.91,"Ksh89,808.22",377.02
494,Eldoret,TV,"Ksh14,094.11",26223,4525,656,17.26,14.5,"Ksh128,217.01",809.72
495,Kisumu,TV,"Ksh24,326.98",53211,3695,671,6.94,18.16,"Ksh33,698.16",38.52
496,Nyeri,Billboards,"Ksh20,033.81",98221,9157,962,9.32,10.51,"Ksh178,300.58",790
497,Nyeri,Meta Ads,"Ksh21,994.41",6480,9730,339,150.15,3.48,"Ksh57,400.97",160.98
498,Nakuru,Billboards,"Ksh9,361.90",42142,9067,37,21.52,0.41,"Ksh4,129.40",-55.89
499,Nyeri,Meta Ads,"Ksh15,306.57",47710,5596,521,11.73,9.31,"Ksh62,478.65",308.18
500,Nyeri,Radio,"Ksh5,901.75",80819,1983,954,2.45,48.11,"Ksh154,263.68",2513.86
501,Machakos,Newspaper,"Ksh21,001.42",56325,9620,947,17.08,9.84,"Ksh56,141.91",167.32
502,Nakuru,Newspaper,"Ksh46,430.31",18653,9429,739,50.55,7.84,"Ksh121,409.54",161.49
503,Nyeri,YouTube Ads,"Ksh48,771.61",77331,1058,687,1.37,64.93,"Ksh101,782.18",108.69
504,Nairobi,Billboards,"Ksh14,344.93",42539,671,245,1.58,36.51,"Ksh42,102.25",193.5
505,Machakos,YouTube Ads,"Ksh42,200.93",99365,2523,780,2.54,30.92,"Ksh39,338.80",-6.78
506,Nakuru,YouTube Ads,"Ksh7,641.23",59883,5160,139,8.62,2.69,"Ksh10,515.34",37.61
507,Mombasa,Billboards,"Ksh12,073.91",12498,9183,121,73.48,1.32,"Ksh11,549.29",-4.35
508,Nyeri,Radio,"Ksh11,481.49",61713,2178,73,3.53,3.35,"Ksh13,088.81",14
509,Eldoret,Meta Ads,"Ksh47,639.12",37587,3964,15,10.55,0.38,"Ksh1,351.24",-97.16
510,Nairobi,Newspaper,"Ksh28,192.05",97738,8693,442,8.89,5.08,"Ksh57,463.26",103.83
511,Kakamega,TV,"Ksh11,846.59",12853,2647,164,20.59,6.2,"Ksh9,412.07",-20.55
512,Nairobi,Newspaper,"Ksh17,612.20",39772,4487,588,11.28,13.1,"Ksh32,166.49",82.64
513,Nakuru,Billboards,"Ksh28,966.35",82477,3349,906,4.06,27.05,"Ksh87,914.41",203.51
514,Nakuru,TV,"Ksh28,926.96",11552,1377,315,11.92,22.88,"Ksh30,371.62",4.99
515,Nyeri,TV,"Ksh19,639.82",94200,5395,520,5.73,9.64,"Ksh45,617.30",132.27
516,Machakos,Newspaper,"Ksh35,866.98",26440,8065,618,30.5,7.66,"Ksh117,355.32",227.2
517,Nairobi,Billboards,"Ksh5,821.35",89277,2270,182,2.54,8.02,"Ksh21,172.45",263.7
518,Nairobi,TV,"Ksh1,959.95",31365,7177,88,22.88,1.23,"Ksh8,287.61",322.85
519,Mombasa,Billboards,"Ksh44,984.37",98729,9174,441,9.29,4.81,"Ksh55,886.28",24.23
520,Eldoret,Radio,"Ksh5,337.72",37991,1081,859,2.85,79.46,"Ksh99,969.63",1772.89
521,Nyeri,TV,"Ksh44,610.29",67053,5916,222,8.82,3.75,"Ksh27,673.77",-37.97
522,Kisumu,Billboards,"Ksh30,308.67",29249,2750,722,9.4,26.25,"Ksh51,109.41",68.63
523,Eldoret,Billboards,"Ksh15,684.73",68166,8221,498,12.06,6.06,"Ksh34,521.61",120.1
524,Kakamega,Billboards,"Ksh16,726.62",13683,6125,420,44.76,6.86,"Ksh68,790.23",311.26
525,Kisumu,YouTube Ads,"Ksh6,368.45",32147,3299,615,10.26,18.64,"Ksh74,795.77",1074.47
526,Nairobi,TV,"Ksh23,085.09",39452,7622,182,19.32,2.39,"Ksh23,690.92",2.62
527,Kakamega,Radio,"Ksh42,299.41",75772,1703,273,2.25,16.03,"Ksh28,064.85",-33.65
528,Kakamega,Meta Ads,"Ksh43,885.48",5623,8255,18,146.81,0.22,"Ksh1,225.76",-97.21
529,Nakuru,Meta Ads,"Ksh46,067.69",55946,6418,485,11.47,7.56,"Ksh61,254.32",32.97
530,Kisumu,Meta Ads,"Ksh22,939.37",59842,1076,887,1.8,82.43,"Ksh128,896.65",461.9
531,Machakos,TV,"Ksh43,872.93",3871,5060,392,130.72,7.75,"Ksh60,578.09",38.08
532,Nairobi,YouTube Ads,"Ksh2,244.48",72026,9297,635,12.91,6.83,"Ksh72,317.50",3122.02
533,Nakuru,YouTube Ads,"Ksh17,988.10",23981,9963,63,41.55,0.63,"Ksh11,652.17",-35.22
534,Nakuru,Radio,"Ksh12,499.27",67222,8661,131,12.88,1.51,"Ksh20,153.61",61.24
535,Kisumu,YouTube Ads,"Ksh13,657.54",32162,4681,518,14.55,11.07,"Ksh60,639.72",344
536,Kisumu,YouTube Ads,"Ksh21,197.23",2388,575,329,24.08,57.22,"Ksh16,561.63",-21.87
537,Mombasa,Newspaper,"Ksh13,352.42",42830,7547,211,17.62,2.8,"Ksh17,056.05",27.74
538,Nakuru,YouTube Ads,"Ksh16,941.03",38834,1182,688,3.04,58.21,"Ksh128,395.73",657.9
539,Machakos,TV,"Ksh46,579.64",33424,6352,771,19,12.14,"Ksh65,929.29",41.54
540,Nakuru,Meta Ads,"Ksh1,697.88",46350,8816,688,19.02,7.8,"Ksh66,716.20",3829.38
541,Eldoret,TV,"Ksh28,591.87",99993,3694,509,3.69,13.78,"Ksh51,240.51",79.21
542,Kisumu,Radio,"Ksh45,276.97",46632,6701,637,14.37,9.51,"Ksh33,138.56",-26.81
543,Mombasa,YouTube Ads,"Ksh26,124.16",74207,770,617,1.04,80.13,"Ksh100,880.89",286.16
544,Mombasa,Radio,"Ksh42,982.57",2941,9987,421,339.58,4.22,"Ksh47,497.02",10.5
545,Eldoret,YouTube Ads,"Ksh16,723.63",78239,3556,61,4.55,1.72,"Ksh8,178.27",-51.1
546,Mombasa,Radio,"Ksh17,087.27",95615,2024,181,2.12,8.94,"Ksh34,910.51",104.31
547,Mombasa,YouTube Ads,"Ksh5,299.96",23717,3684,494,15.53,13.41,"Ksh54,324.69",925
548,Machakos,Billboards,"Ksh27,828.10",1135,1280,69,112.78,5.39,"Ksh7,698.89",-72.33
549,Machakos,Meta Ads,"Ksh42,846.22",21281,9014,844,42.36,9.36,"Ksh121,102.61",182.64
550,Nakuru,YouTube Ads,"Ksh1,090.83",62482,598,779,0.96,130.27,"Ksh62,788.11",5655.99
551,Mombasa,TV,"Ksh11,681.72",28044,9346,692,33.33,7.4,"Ksh55,866.14",378.24
552,Kisumu,Billboards,"Ksh23,077.51",92496,5789,927,6.26,16.01,"Ksh164,128.66",611.21
553,Machakos,Radio,"Ksh47,548.36",17646,2168,836,12.29,38.56,"Ksh90,648.96",90.65
554,Mombasa,Billboards,"Ksh16,296.12",63011,5935,632,9.42,10.65,"Ksh85,484.43",424.57
555,Kakamega,TV,"Ksh43,542.06",9773,3769,950,38.57,25.21,"Ksh120,685.96",177.17
556,Eldoret,Billboards,"Ksh46,332.22",53817,827,504,1.54,60.94,"Ksh52,673.49",13.69
557,Mombasa,Newspaper,"Ksh24,577.32",28902,7946,280,27.49,3.52,"Ksh34,630.11",40.9
558,Mombasa,TV,"Ksh19,038.73",22356,6503,774,29.09,11.9,"Ksh124,298.60",552.87
559,Nyeri,Meta Ads,"Ksh18,839.37",10949,3925,96,35.85,2.45,"Ksh16,687.06",-11.42
560,Nyeri,Billboards,"Ksh28,359.53",92697,1009,767,1.09,76.02,"Ksh113,144.41",298.96
561,Nyeri,YouTube Ads,"Ksh15,105.94",40464,1191,985,2.94,82.7,"Ksh98,872.99",554.53
562,Kisumu,Newspaper,"Ksh5,422.63",8622,1131,591,13.12,52.25,"Ksh72,468.61",1236.41
563,Kisumu,Billboards,"Ksh3,386.65",18560,2386,243,12.86,10.18,"Ksh38,935.40",1049.67
564,Nairobi,YouTube Ads,"Ksh21,277.90",53387,5926,290,11.1,4.89,"Ksh25,275.92",18.79
565,Kisumu,YouTube Ads,"Ksh9,672.01",95822,4654,687,4.86,14.76,"Ksh47,984.64",396.12
566,Machakos,YouTube Ads,"Ksh22,941.92",13520,4878,247,36.08,5.06,"Ksh35,982.73",56.84
567,Eldoret,Meta Ads,"Ksh4,599.79",12944,7221,303,55.79,4.2,"Ksh23,553.37",412.05
568,Eldoret,Meta Ads,"Ksh33,137.81",57782,338,819,0.58,242.31,"Ksh97,689.66",194.8
569,Kakamega,Billboards,"Ksh24,304.23",93876,784,747,0.84,95.28,"Ksh131,569.53",441.34
570,Machakos,TV,"Ksh3,820.93",47617,9126,311,19.17,3.41,"Ksh60,158.61",1474.45
571,Kakamega,YouTube Ads,"Ksh35,029.19",45183,288,225,0.64,78.12,"Ksh17,928.28",-48.82
572,Kisumu,YouTube Ads,"Ksh33,324.93",85388,3242,779,3.8,24.03,"Ksh95,596.05",186.86
573,Nairobi,Radio,"Ksh16,656.45",49850,3192,411,6.4,12.88,"Ksh81,852.10",391.41
574,Mombasa,Radio,"Ksh41,473.83",41847,497,330,1.19,66.4,"Ksh49,577.98",19.54
575,Nairobi,Newspaper,"Ksh7,257.34",34995,6598,406,18.85,6.15,"Ksh70,763.23",875.06
576,Eldoret,Newspaper,"Ksh12,896.98",41006,5177,442,12.62,8.54,"Ksh59,071.07",358.02
577,Kisumu,Billboards,"Ksh13,989.33",53237,9603,946,18.04,9.85,"Ksh160,850.69",1049.81
578,Kisumu,YouTube Ads,"Ksh13,384.97",98090,2433,783,2.48,32.18,"Ksh156,497.43",1069.2
579,Kakamega,YouTube Ads,"Ksh45,858.76",95005,1181,381,1.24,32.26,"Ksh36,437.98",-20.54
580,Nakuru,Billboards,"Ksh45,160.71",98715,8688,84,8.8,0.97,"Ksh8,238.30",-81.76
581,Kisumu,Radio,"Ksh6,443.31",69525,5918,60,8.51,1.01,"Ksh6,471.34",0.44
582,Eldoret,Radio,"Ksh27,313.15",34979,7579,903,21.67,11.91,"Ksh156,490.83",472.95
583,Kisumu,Billboards,"Ksh21,380.87",66158,9256,576,13.99,6.22,"Ksh46,112.49",115.67
584,Mombasa,TV,"Ksh49,766.08",92614,2049,776,2.21,37.87,"Ksh48,848.20",-1.84
585,Nakuru,Newspaper,"Ksh18,699.44",94789,7117,365,7.51,5.13,"Ksh45,821.44",145.04
586,Kisumu,Radio,"Ksh43,499.23",89433,6291,669,7.03,10.63,"Ksh89,469.49",105.68
587,Nyeri,Radio,"Ksh36,537.10",70621,5001,885,7.08,17.7,"Ksh94,731.93",159.28
588,Nairobi,YouTube Ads,"Ksh1,327.55",88561,9081,833,10.25,9.17,"Ksh139,197.70",10385.31
589,Nairobi,Newspaper,"Ksh20,887.30",10522,6276,855,59.65,13.62,"Ksh54,597.82",161.39
590,Nakuru,Meta Ads,"Ksh20,554.34",18276,1342,651,7.34,48.51,"Ksh35,691.27",73.64
591,Kisumu,YouTube Ads,"Ksh10,247.18",28283,466,964,1.65,206.87,"Ksh65,173.04",536.01
592,Nyeri,Radio,"Ksh2,981.41",5568,2423,495,43.52,20.43,"Ksh78,402.52",2529.71
593,Eldoret,Billboards,"Ksh19,022.03",57612,2349,832,4.08,35.42,"Ksh141,355.10",643.11
594,Nyeri,YouTube Ads,"Ksh10,210.81",60231,7639,267,12.68,3.5,"Ksh45,288.87",343.54
595,Nyeri,Meta Ads,"Ksh43,347.98",50518,649,475,1.28,73.19,"Ksh83,551.66",92.75
596,Mombasa,Meta Ads,"Ksh33,624.45",40879,673,448,1.65,66.57,"Ksh70,510.18",109.7
597,Nyeri,Billboards,"Ksh26,318.81",9389,1008,468,10.74,46.43,"Ksh24,869.69",-5.51
598,Machakos,TV,"Ksh8,750.15",32243,9292,929,28.82,10,"Ksh69,231.27",691.2
599,Eldoret,Billboards,"Ksh39,692.77",76310,1184,211,1.55,17.82,"Ksh32,017.04",-19.34
600,Nakuru,Radio,"Ksh28,477.78",82731,5472,53,6.61,0.97,"Ksh4,885.09",-82.85
601,Kisumu,Billboards,"Ksh19,518.72",91185,7581,257,8.31,3.39,"Ksh32,062.72",64.27
602,Kisumu,Newspaper,"Ksh7,490.64",78628,4600,362,5.85,7.87,"Ksh41,467.77",453.59
603,Nakuru,TV,"Ksh8,313.90",56456,6327,765,11.21,12.09,"Ksh51,180.92",515.61
604,Eldoret,YouTube Ads,"Ksh29,127.86",24526,1301,789,5.3,60.65,"Ksh45,085.50",54.78
605,Nyeri,Radio,"Ksh10,837.68",71758,1475,811,2.06,54.98,"Ksh72,133.03",565.58
606,Nyeri,Newspaper,"Ksh3,349.56",97087,7831,982,8.07,12.54,"Ksh171,154.32",5009.76
607,Mombasa,YouTube Ads,"Ksh48,132.25",58114,4450,900,7.66,20.22,"Ksh67,709.70",40.67
608,Machakos,Billboards,"Ksh30,680.21",15423,7160,856,46.42,11.96,"Ksh96,291.04",213.85
609,Kakamega,Newspaper,"Ksh32,670.75",57897,2601,521,4.49,20.03,"Ksh88,410.69",170.61
610,Eldoret,YouTube Ads,"Ksh36,801.90",32802,1307,594,3.98,45.45,"Ksh99,626.18",170.71
611,Machakos,YouTube Ads,"Ksh10,281.72",81244,9511,126,11.71,1.32,"Ksh21,412.51",108.26
612,Kakamega,Radio,"Ksh30,196.70",11917,5435,387,45.61,7.12,"Ksh55,904.80",85.14
613,Kisumu,Newspaper,"Ksh17,214.07",92034,8567,453,9.31,5.29,"Ksh81,814.31",375.28
614,Nyeri,Billboards,"Ksh37,157.79",22151,6417,11,28.97,0.17,"Ksh1,881.71",-94.94
615,Eldoret,Meta Ads,"Ksh37,310.31",86257,2849,577,3.3,20.25,"Ksh40,806.88",9.37
616,Nakuru,TV,"Ksh34,271.83",13949,6086,231,43.63,3.8,"Ksh40,575.36",18.39
617,Kakamega,YouTube Ads,"Ksh17,262.12",16396,517,501,3.15,96.91,"Ksh69,968.52",305.33
618,Nairobi,Meta Ads,"Ksh15,751.68",7473,9074,231,121.42,2.55,"Ksh25,163.42",59.75
619,Eldoret,YouTube Ads,"Ksh46,313.94",68121,9371,479,13.76,5.11,"Ksh57,599.99",24.37
620,Mombasa,Radio,"Ksh13,141.19",96183,2849,958,2.96,33.63,"Ksh115,066.11",775.61
621,Nairobi,TV,"Ksh12,905.88",58751,9862,236,16.79,2.39,"Ksh16,423.83",27.26
622,Kisumu,Meta Ads,"Ksh35,302.07",26102,3769,359,14.44,9.53,"Ksh34,690.95",-1.73
623,Mombasa,Radio,"Ksh12,356.26",48744,6921,556,14.2,8.03,"Ksh86,103.90",596.84
624,Mombasa,Newspaper,"Ksh43,773.61",53525,369,470,0.69,127.37,"Ksh93,473.04",113.54
625,Nairobi,Billboards,"Ksh1,678.32",26732,3639,260,13.61,7.14,"Ksh24,968.29",1387.7
626,Nyeri,Radio,"Ksh9,183.41",49552,5895,389,11.9,6.6,"Ksh34,731.09",278.19
627,Mombasa,TV,"Ksh13,606.26",94280,8033,171,8.52,2.13,"Ksh24,959.56",83.44
628,Kisumu,Newspaper,"Ksh41,577.99",13296,6273,524,47.18,8.35,"Ksh76,411.10",83.78
629,Kisumu,Newspaper,"Ksh31,619.90",68800,6550,987,9.52,15.07,"Ksh184,580.61",483.75
630,Nairobi,YouTube Ads,"Ksh6,654.11",85810,5618,628,6.55,11.18,"Ksh112,046.89",1583.87
631,Nairobi,Meta Ads,"Ksh26,496.66",98721,9462,430,9.58,4.54,"Ksh72,920.92",175.21
632,Nakuru,TV,"Ksh6,584.33",40590,7697,65,18.96,0.84,"Ksh4,115.84",-37.49
633,Kakamega,Radio,"Ksh21,695.17",91513,4539,611,4.96,13.46,"Ksh115,289.32",431.41
634,Nairobi,Radio,"Ksh38,500.43",21474,2786,851,12.97,30.55,"Ksh116,377.22",202.28
635,Machakos,Billboards,"Ksh8,346.49",58803,9556,506,16.25,5.3,"Ksh98,837.38",1084.18
636,Mombasa,Meta Ads,"Ksh14,808.25",8588,1172,439,13.65,37.46,"Ksh38,274.55",158.47
637,Mombasa,Meta Ads,"Ksh4,987.78",88202,335,406,0.38,121.19,"Ksh77,526.59",1454.33
638,Mombasa,Meta Ads,"Ksh37,085.67",57015,8796,97,15.43,1.1,"Ksh14,611.22",-60.6
639,Nyeri,Radio,"Ksh5,238.42",88138,1260,682,1.43,54.13,"Ksh84,583.52",1514.68
640,Kakamega,Newspaper,"Ksh16,502.32",69997,6209,804,8.87,12.95,"Ksh92,627.59",461.3
641,Machakos,Meta Ads,"Ksh11,532.24",33172,4615,483,13.91,10.47,"Ksh42,034.66",264.5
642,Eldoret,TV,"Ksh44,445.27",45796,3986,792,8.7,19.87,"Ksh109,903.72",147.28
643,Machakos,Billboards,"Ksh8,932.94",76414,5287,309,6.92,5.84,"Ksh35,727.59",299.95
644,Machakos,Radio,"Ksh11,501.15",67218,1621,751,2.41,46.33,"Ksh79,854.54",594.32
645,Nairobi,Radio,"Ksh34,561.61",98285,8300,766,8.44,9.23,"Ksh98,301.00",184.42
646,Nairobi,Billboards,"Ksh11,445.07",33798,388,374,1.15,96.39,"Ksh23,451.04",104.9
647,Kisumu,Billboards,"Ksh22,535.26",22783,7512,131,32.97,1.74,"Ksh10,546.56",-53.2
648,Nakuru,YouTube Ads,"Ksh46,284.89",50678,4635,224,9.15,4.83,"Ksh30,522.34",-34.06
649,Kisumu,TV,"Ksh4,511.65",60893,1302,98,2.14,7.53,"Ksh12,171.70",169.78
650,Machakos,Meta Ads,"Ksh16,174.33",32863,7363,959,22.41,13.02,"Ksh172,378.95",965.76
651,Machakos,Billboards,"Ksh48,288.41",90734,3311,227,3.65,6.86,"Ksh31,831.17",-34.08
652,Kakamega,Billboards,"Ksh35,929.82",33830,1668,499,4.93,29.92,"Ksh55,155.75",53.51
653,Machakos,Radio,"Ksh15,516.63",36790,7590,942,20.63,12.41,"Ksh48,224.17",210.79
654,Mombasa,Newspaper,"Ksh14,737.58",53301,3744,87,7.02,2.32,"Ksh7,688.72",-47.83
655,Machakos,TV,"Ksh6,276.20",83381,8000,600,9.59,7.5,"Ksh33,381.12",431.87
656,Mombasa,Meta Ads,"Ksh39,787.90",83478,9829,634,11.77,6.45,"Ksh79,818.58",100.61
657,Nyeri,Newspaper,"Ksh11,164.52",63987,9614,559,15.02,5.81,"Ksh29,025.04",159.98
658,Eldoret,TV,"Ksh47,502.35",24141,6505,276,26.95,4.24,"Ksh46,729.03",-1.63
659,Eldoret,Meta Ads,"Ksh36,163.12",50138,7781,196,15.52,2.52,"Ksh37,149.43",2.73
660,Kakamega,YouTube Ads,"Ksh1,929.59",10749,8876,104,82.58,1.17,"Ksh17,621.08",813.2
661,Machakos,Billboards,"Ksh23,945.66",17854,492,263,2.76,53.46,"Ksh37,151.80",55.15
662,Nyeri,Billboards,"Ksh34,563.94",89828,9020,715,10.04,7.93,"Ksh45,772.92",32.43
663,Nyeri,Billboards,"Ksh2,986.15",32960,7880,37,23.91,0.47,"Ksh4,277.84",43.26
664,Kakamega,Billboards,"Ksh22,543.29",36349,447,81,1.23,18.12,"Ksh15,759.12",-30.09
665,Kakamega,TV,"Ksh9,971.44",78984,6336,993,8.02,15.67,"Ksh120,415.58",1107.6
666,Kakamega,TV,"Ksh45,555.75",70520,7177,47,10.18,0.65,"Ksh3,529.48",-92.25
667,Kakamega,TV,"Ksh6,129.64",22590,717,195,3.17,27.2,"Ksh31,461.24",413.26
668,Kisumu,TV,"Ksh32,949.06",40138,1807,174,4.5,9.63,"Ksh20,170.37",-38.78
669,Eldoret,Billboards,"Ksh22,390.02",37006,2937,338,7.94,11.51,"Ksh61,390.08",174.19
670,Eldoret,Billboards,"Ksh38,169.05",60853,5400,220,8.87,4.07,"Ksh29,431.25",-22.89
671,Nyeri,Meta Ads,"Ksh42,337.97",36349,7945,383,21.86,4.82,"Ksh52,311.63",23.56
672,Mombasa,Newspaper,"Ksh29,664.98",76128,2069,356,2.72,17.21,"Ksh61,536.56",107.44
673,Kisumu,TV,"Ksh33,348.78",93864,1516,536,1.62,35.36,"Ksh93,244.34",179.6
674,Eldoret,YouTube Ads,"Ksh24,830.08",14386,3448,58,23.97,1.68,"Ksh3,830.76",-84.57
675,Kisumu,YouTube Ads,"Ksh27,578.61",37118,8195,701,22.08,8.55,"Ksh44,447.05",61.16
676,Nyeri,Newspaper,"Ksh39,066.52",61840,8245,515,13.33,6.25,"Ksh52,331.50",33.95
677,Nyeri,Meta Ads,"Ksh48,213.33",35867,5646,598,15.74,10.59,"Ksh118,141.14",145.04
678,Nakuru,YouTube Ads,"Ksh38,745.77",21258,2388,619,11.23,25.92,"Ksh40,090.52",3.47
679,Kakamega,Billboards,"Ksh14,548.41",16991,7505,499,44.17,6.65,"Ksh68,931.00",373.8
680,Kakamega,YouTube Ads,"Ksh32,120.74",21223,9614,841,45.3,8.75,"Ksh166,362.57",417.93
681,Eldoret,YouTube Ads,"Ksh36,822.21",67835,6351,763,9.36,12.01,"Ksh87,890.58",138.69
682,Mombasa,Meta Ads,"Ksh38,373.26",42057,1469,512,3.49,34.85,"Ksh51,482.82",34.16
683,Kakamega,Radio,"Ksh13,641.37",83263,4345,393,5.22,9.04,"Ksh40,315.13",195.54
684,Mombasa,Newspaper,"Ksh15,760.86",86991,7434,414,8.55,5.57,"Ksh59,498.09",277.51
685,Nyeri,Meta Ads,"Ksh28,919.18",29498,7475,304,25.34,4.07,"Ksh19,298.85",-33.27
686,Kisumu,Radio,"Ksh48,674.46",36327,1275,307,3.51,24.08,"Ksh24,877.65",-48.89
687,Nakuru,Newspaper,"Ksh4,243.41",32219,9872,339,30.64,3.43,"Ksh40,817.55",861.9
688,Kakamega,TV,"Ksh47,135.08",42539,7072,973,16.62,13.76,"Ksh129,293.17",174.3
689,Kakamega,Radio,"Ksh4,175.75",49122,4202,743,8.55,17.68,"Ksh105,310.03",2421.94
690,Nyeri,TV,"Ksh12,818.98",82086,3811,846,4.64,22.2,"Ksh101,811.16",694.22
691,Nakuru,Billboards,"Ksh39,042.31",37558,8417,553,22.41,6.57,"Ksh58,754.93",50.49
692,Mombasa,YouTube Ads,"Ksh14,760.77",24478,426,357,1.74,83.8,"Ksh36,714.94",148.73
693,Nyeri,YouTube Ads,"Ksh18,778.91",30285,4860,335,16.05,6.89,"Ksh54,085.41",188.01
694,Kisumu,Newspaper,"Ksh30,728.16",69721,2912,499,4.18,17.14,"Ksh40,616.42",32.18
695,Nyeri,YouTube Ads,"Ksh30,972.89",41997,7117,385,16.95,5.41,"Ksh75,926.30",145.14
696,Eldoret,Newspaper,"Ksh6,352.97",85435,113,348,0.13,307.96,"Ksh54,542.47",758.53
697,Kisumu,Meta Ads,"Ksh37,626.35",27864,4795,876,17.21,18.27,"Ksh70,658.14",87.79
698,Kisumu,Meta Ads,"Ksh37,737.14",1579,6125,793,387.9,12.95,"Ksh118,711.53",214.57
699,Machakos,Radio,"Ksh33,056.69",71114,2413,838,3.39,34.73,"Ksh85,081.87",157.38
700,Nakuru,Newspaper,"Ksh9,317.66",22223,7602,881,34.21,11.59,"Ksh110,068.57",1081.29
701,Kakamega,Billboards,"Ksh13,680.04",47796,3601,906,7.53,25.16,"Ksh88,423.90",546.37
702,Kisumu,Newspaper,"Ksh6,599.82",49110,5688,191,11.58,3.36,"Ksh11,266.96",70.72
703,Mombasa,Newspaper,"Ksh25,901.26",18839,8895,315,47.22,3.54,"Ksh60,044.05",131.82
704,Kisumu,Billboards,"Ksh36,364.84",3341,7474,118,223.71,1.58,"Ksh18,581.45",-48.9
705,Nairobi,Newspaper,"Ksh18,724.01",54991,1996,163,3.63,8.17,"Ksh27,775.76",48.34
706,Kakamega,Radio,"Ksh21,459.89",90336,4380,885,4.85,20.21,"Ksh116,728.15",443.94
707,Mombasa,Radio,"Ksh47,156.44",92596,9282,783,10.02,8.44,"Ksh46,936.58",-0.47
708,Machakos,Radio,"Ksh27,067.18",27124,4997,384,18.42,7.68,"Ksh31,779.76",17.41
709,Kisumu,Billboards,"Ksh7,312.84",17209,4005,457,23.27,11.41,"Ksh30,873.53",322.18
710,Nakuru,Newspaper,"Ksh42,533.90",21495,4535,745,21.1,16.43,"Ksh128,535.66",202.2
711,Mombasa,YouTube Ads,"Ksh9,612.34",92345,2529,495,2.74,19.57,"Ksh89,751.24",833.71
712,Eldoret,Newspaper,"Ksh27,024.76",11351,2877,853,25.35,29.65,"Ksh132,451.55",390.11
713,Machakos,TV,"Ksh29,182.00",72267,7129,869,9.86,12.19,"Ksh166,732.98",471.36
714,Kisumu,YouTube Ads,"Ksh37,597.82",52246,6135,697,11.74,11.36,"Ksh77,306.91",105.62
715,Eldoret,Meta Ads,"Ksh26,179.47",73678,663,424,0.9,63.95,"Ksh43,896.78",67.68
716,Mombasa,Radio,"Ksh45,105.50",4987,9891,119,198.34,1.2,"Ksh9,681.80",-78.54
717,Kisumu,Newspaper,"Ksh49,609.92",16373,6546,27,39.98,0.41,"Ksh2,916.70",-94.12
718,Kakamega,TV,"Ksh30,581.47",66772,9082,972,13.6,10.7,"Ksh131,522.43",330.07
719,Kisumu,Newspaper,"Ksh38,950.19",35580,323,31,0.91,9.6,"Ksh2,435.98",-93.75
720,Machakos,Newspaper,"Ksh3,620.34",52386,1498,734,2.86,49,"Ksh56,994.05",1474.27
721,Machakos,Radio,"Ksh38,810.43",16944,4519,781,26.67,17.28,"Ksh73,131.00",88.43
722,Mombasa,Billboards,"Ksh40,691.11",49648,8337,944,16.79,11.32,"Ksh50,619.50",24.4
723,Nairobi,YouTube Ads,"Ksh26,803.67",1502,7850,869,522.64,11.07,"Ksh150,879.77",462.91
724,Nairobi,Radio,"Ksh42,955.85",36703,7676,561,20.91,7.31,"Ksh35,631.59",-17.05
725,Machakos,Meta Ads,"Ksh12,577.93",22774,1391,594,6.11,42.7,"Ksh44,846.03",256.55
726,Machakos,Radio,"Ksh6,119.64",72711,1363,951,1.87,69.77,"Ksh114,242.26",1766.81
727,Mombasa,Newspaper,"Ksh15,866.36",14570,3738,903,25.66,24.16,"Ksh52,819.25",232.9
728,Eldoret,Meta Ads,"Ksh7,480.97",94438,9138,654,9.68,7.16,"Ksh41,318.57",452.32
729,Kisumu,TV,"Ksh47,702.66",72257,5611,976,7.77,17.39,"Ksh180,079.05",277.5
730,Machakos,Radio,"Ksh24,090.86",92153,1024,884,1.11,86.33,"Ksh62,141.48",157.95
731,Nairobi,Meta Ads,"Ksh30,591.95",43229,9990,254,23.11,2.54,"Ksh40,676.23",32.96
732,Kakamega,Billboards,"Ksh12,768.53",23519,1017,30,4.32,2.95,"Ksh5,806.87",-54.52
733,Nairobi,Meta Ads,"Ksh49,986.74",82841,5991,182,7.23,3.04,"Ksh32,024.79",-35.93
734,Nyeri,YouTube Ads,"Ksh23,085.74",32155,6772,151,21.06,2.23,"Ksh13,779.03",-40.31
735,Nyeri,TV,"Ksh25,978.34",2029,3557,928,175.31,26.09,"Ksh122,906.73",373.11
736,Machakos,TV,"Ksh39,807.44",79296,9701,604,12.23,6.23,"Ksh53,633.45",34.73
737,Eldoret,Radio,"Ksh14,615.77",78549,970,47,1.23,4.85,"Ksh5,780.13",-60.45
738,Kakamega,Billboards,"Ksh29,223.55",87341,3424,116,3.92,3.39,"Ksh11,270.84",-61.43
739,Eldoret,Meta Ads,"Ksh46,483.70",3295,3607,35,109.47,0.97,"Ksh5,077.21",-89.08
740,Kakamega,Newspaper,"Ksh16,462.86",35625,1111,347,3.12,31.23,"Ksh58,178.69",253.39
741,Nakuru,Meta Ads,"Ksh1,922.55",17948,9231,354,51.43,3.83,"Ksh49,701.04",2485.16
742,Nakuru,Meta Ads,"Ksh7,932.76",20188,1887,576,9.35,30.52,"Ksh78,613.30",891
743,Kisumu,Meta Ads,"Ksh23,987.84",72172,4457,338,6.18,7.58,"Ksh46,503.25",93.86
744,Mombasa,Billboards,"Ksh29,793.66",23604,5135,340,21.75,6.62,"Ksh62,744.27",110.6
745,Kakamega,Meta Ads,"Ksh10,095.04",42570,3317,748,7.79,22.55,"Ksh115,590.55",1045.02
746,Machakos,TV,"Ksh4,666.82",66958,7899,66,11.8,0.84,"Ksh8,176.91",75.21
747,Mombasa,Billboards,"Ksh28,342.92",18818,1176,21,6.25,1.79,"Ksh3,123.82",-88.98
748,Kakamega,Meta Ads,"Ksh22,414.23",89943,3179,609,3.53,19.16,"Ksh81,776.46",264.84
749,Nairobi,Radio,"Ksh24,159.39",93428,4492,997,4.81,22.2,"Ksh135,490.04",460.82
750,Nairobi,YouTube Ads,"Ksh40,796.27",69157,9300,997,13.45,10.72,"Ksh85,401.61",109.34
751,Nyeri,Billboards,"Ksh29,899.01",75856,4879,314,6.43,6.44,"Ksh50,710.27",69.61
752,Kakamega,Newspaper,"Ksh6,956.01",96560,5938,608,6.15,10.24,"Ksh104,029.98",1395.54
753,Nyeri,TV,"Ksh28,175.71",27664,9223,498,33.34,5.4,"Ksh46,869.17",66.35
754,Nyeri,Newspaper,"Ksh38,947.36",35405,9590,614,27.09,6.4,"Ksh102,615.08",163.47
755,Machakos,Billboards,"Ksh17,384.50",45111,2854,238,6.33,8.34,"Ksh32,588.36",87.46
756,Kisumu,TV,"Ksh27,632.35",95318,3419,265,3.59,7.75,"Ksh37,284.99",34.93
757,Kakamega,Meta Ads,"Ksh49,583.74",17974,7405,384,41.2,5.19,"Ksh33,745.91",-31.94
758,Kisumu,Meta Ads,"Ksh15,798.60",76060,1296,547,1.7,42.21,"Ksh99,643.61",530.71
759,Kisumu,YouTube Ads,"Ksh6,671.77",20241,3570,39,17.64,1.09,"Ksh6,914.18",3.63
760,Machakos,Newspaper,"Ksh37,173.42",15576,9134,250,58.64,2.74,"Ksh39,688.89",6.77
761,Nairobi,Newspaper,"Ksh9,669.29",49443,4121,236,8.33,5.73,"Ksh34,210.85",253.81
762,Kisumu,Meta Ads,"Ksh34,460.60",75712,9402,993,12.42,10.56,"Ksh130,801.55",279.57
763,Kakamega,YouTube Ads,"Ksh38,788.77",58654,2115,284,3.61,13.43,"Ksh49,007.21",26.34
764,Mombasa,YouTube Ads,"Ksh6,189.82",43492,5674,520,13.05,9.16,"Ksh97,753.37",1479.26
765,Mombasa,Newspaper,"Ksh5,155.58",81308,4379,20,5.39,0.46,"Ksh1,519.53",-70.53
766,Mombasa,TV,"Ksh32,827.04",56924,9691,105,17.02,1.08,"Ksh11,936.96",-63.64
767,Nairobi,TV,"Ksh2,860.05",2421,6936,210,286.49,3.03,"Ksh17,397.69",508.3
768,Mombasa,TV,"Ksh2,487.31",49701,5493,862,11.05,15.69,"Ksh136,619.24",5392.65
769,Kisumu,Radio,"Ksh43,623.35",82177,7177,769,8.73,10.71,"Ksh67,062.34",53.73
770,Kisumu,TV,"Ksh15,497.29",19181,4003,964,20.87,24.08,"Ksh117,892.03",660.73
771,Mombasa,Radio,"Ksh24,012.21",11343,1946,65,17.16,3.34,"Ksh4,973.41",-79.29
772,Kisumu,Billboards,"Ksh30,628.92",55422,5922,321,10.69,5.42,"Ksh55,649.62",81.69
773,Nairobi,TV,"Ksh38,749.09",41491,2366,103,5.7,4.35,"Ksh9,114.65",-76.48
774,Kisumu,Billboards,"Ksh12,992.54",97638,9919,507,10.16,5.11,"Ksh89,104.07",585.81
775,Nairobi,Meta Ads,"Ksh20,497.80",68411,2628,620,3.84,23.59,"Ksh96,982.76",373.14
776,Machakos,TV,"Ksh36,210.33",11804,4674,711,39.6,15.21,"Ksh120,613.52",233.09
777,Machakos,Billboards,"Ksh47,540.40",51467,5920,997,11.5,16.84,"Ksh99,786.00",109.9
778,Machakos,Billboards,"Ksh35,734.44",14665,2102,734,14.33,34.92,"Ksh114,452.56",220.29
779,Nairobi,Newspaper,"Ksh47,632.19",86318,6707,143,7.77,2.13,"Ksh9,838.69",-79.34
780,Kisumu,Meta Ads,"Ksh28,643.32",15707,6676,469,42.5,7.03,"Ksh24,813.75",-13.37
781,Nakuru,Meta Ads,"Ksh32,638.04",64293,8613,643,13.4,7.47,"Ksh33,757.96",3.43
782,Nyeri,Meta Ads,"Ksh9,640.37",10325,4667,507,45.2,10.86,"Ksh55,428.64",474.96
783,Machakos,TV,"Ksh40,370.26",89756,8140,82,9.07,1.01,"Ksh15,635.26",-61.27
784,Nyeri,Radio,"Ksh4,215.85",16285,5918,663,36.34,11.2,"Ksh62,360.86",1379.2
785,Nyeri,Billboards,"Ksh26,527.03",2644,5517,669,208.66,12.13,"Ksh51,017.62",92.32
786,Nakuru,Radio,"Ksh41,438.31",27034,3788,852,14.01,22.49,"Ksh118,608.14",186.23
787,Kisumu,YouTube Ads,"Ksh30,212.59",77717,7266,80,9.35,1.1,"Ksh11,018.74",-63.53
788,Kisumu,YouTube Ads,"Ksh33,096.19",19217,2406,204,12.52,8.48,"Ksh39,042.61",17.97
789,Kisumu,Billboards,"Ksh4,613.75",50740,1327,322,2.62,24.27,"Ksh58,793.42",1174.31
790,Nakuru,TV,"Ksh13,288.57",21528,7367,179,34.22,2.43,"Ksh27,010.67",103.26
791,Nairobi,Radio,"Ksh28,956.42",54299,1691,297,3.11,17.56,"Ksh16,776.32",-42.06
792,Nakuru,TV,"Ksh35,870.26",72867,6834,592,9.38,8.66,"Ksh31,608.64",-11.88
793,Eldoret,Meta Ads,"Ksh24,199.50",59193,883,80,1.49,9.06,"Ksh10,209.89",-57.81
794,Nairobi,TV,"Ksh33,164.81",37157,6439,998,17.33,15.5,"Ksh145,992.51",340.2
795,Mombasa,TV,"Ksh13,337.33",30556,6497,20,21.26,0.31,"Ksh2,256.54",-83.08
796,Kakamega,TV,"Ksh42,678.03",97699,1176,401,1.2,34.1,"Ksh56,575.86",32.56
797,Nairobi,Radio,"Ksh18,040.63",85318,7053,263,8.27,3.73,"Ksh49,712.31",175.56
798,Kisumu,Billboards,"Ksh21,058.51",15400,6576,893,42.7,13.58,"Ksh103,969.11",393.72
799,Nairobi,TV,"Ksh24,836.60",73614,6068,737,8.24,12.15,"Ksh138,699.48",458.45
800,Kisumu,Meta Ads,"Ksh3,130.55",40700,8435,477,20.72,5.66,"Ksh89,899.62",2771.69
801,Eldoret,YouTube Ads,"Ksh36,387.08",26016,812,102,3.12,12.56,"Ksh9,896.64",-72.8
802,Nyeri,Radio,"Ksh21,397.93",11085,9829,720,88.67,7.33,"Ksh49,373.35",130.74
803,Kisumu,Meta Ads,"Ksh47,945.78",67070,7317,174,10.91,2.38,"Ksh10,735.63",-77.61
804,Mombasa,Newspaper,"Ksh10,842.28",56113,4209,47,7.5,1.12,"Ksh8,456.40",-22.01
805,Eldoret,Radio,"Ksh44,955.55",72787,1452,153,1.99,10.54,"Ksh16,323.22",-63.69
806,Mombasa,Newspaper,"Ksh42,538.33",76715,1569,50,2.05,3.19,"Ksh8,027.13",-81.13
807,Machakos,TV,"Ksh37,288.29",71918,9005,85,12.52,0.94,"Ksh14,382.25",-61.43
808,Mombasa,Billboards,"Ksh31,671.71",32383,7346,990,22.68,13.48,"Ksh123,543.67",290.08
809,Kakamega,Meta Ads,"Ksh36,300.88",14247,3474,261,24.38,7.51,"Ksh22,872.08",-36.99
810,Kisumu,Radio,"Ksh12,026.69",64476,9744,794,15.11,8.15,"Ksh90,976.62",656.46
811,Nyeri,YouTube Ads,"Ksh22,055.97",90830,2599,563,2.86,21.66,"Ksh30,778.13",39.55
812,Mombasa,Billboards,"Ksh15,825.87",8942,3123,15,34.93,0.48,"Ksh2,555.18",-83.85
813,Nakuru,Meta Ads,"Ksh48,759.59",29909,6383,834,21.34,13.07,"Ksh109,263.36",124.09
814,Nyeri,Radio,"Ksh5,683.16",81144,4542,103,5.6,2.27,"Ksh11,964.71",110.53
815,Eldoret,YouTube Ads,"Ksh11,383.19",31591,7167,991,22.69,13.83,"Ksh119,501.96",949.81
816,Machakos,Meta Ads,"Ksh3,468.94",77324,6715,857,8.68,12.76,"Ksh139,624.31",3924.98
817,Eldoret,Radio,"Ksh28,168.82",23003,8232,42,35.79,0.51,"Ksh5,760.17",-79.55
818,Kakamega,YouTube Ads,"Ksh10,718.85",55269,6288,737,11.38,11.72,"Ksh67,175.58",526.71
819,Nairobi,Newspaper,"Ksh29,167.65",53271,8793,889,16.51,10.11,"Ksh172,308.14",490.75
820,Eldoret,TV,"Ksh5,545.47",27777,6466,219,23.28,3.39,"Ksh25,593.10",361.51
821,Nakuru,Meta Ads,"Ksh15,944.02",79611,7022,372,8.82,5.3,"Ksh27,112.83",70.05
822,Kakamega,Newspaper,"Ksh10,799.63",7284,4688,973,64.36,20.76,"Ksh192,613.96",1683.52
823,Kakamega,TV,"Ksh41,791.34",51657,8356,157,16.18,1.88,"Ksh13,217.72",-68.37
824,Nairobi,Radio,"Ksh48,588.92",4724,7570,111,160.25,1.47,"Ksh11,541.26",-76.25
825,Kisumu,Newspaper,"Ksh17,213.12",85015,576,688,0.68,119.44,"Ksh73,688.00",328.09
826,Kisumu,Billboards,"Ksh20,059.26",74650,7771,424,10.41,5.46,"Ksh75,005.26",273.92
827,Kakamega,Radio,"Ksh21,658.87",86014,7667,954,8.91,12.44,"Ksh53,188.31",145.57
828,Kakamega,Billboards,"Ksh43,798.86",81608,1765,989,2.16,56.03,"Ksh176,275.74",302.47
829,Nyeri,Newspaper,"Ksh36,789.43",39057,5923,472,15.17,7.97,"Ksh71,078.17",93.2
830,Nyeri,Radio,"Ksh31,704.55",39187,7608,313,19.41,4.11,"Ksh40,349.42",27.27
831,Nairobi,Meta Ads,"Ksh31,773.64",9822,3534,768,35.98,21.73,"Ksh92,130.93",189.96
832,Eldoret,TV,"Ksh20,755.62",28522,7016,611,24.6,8.71,"Ksh118,278.00",469.86
833,Mombasa,Newspaper,"Ksh27,973.20",42061,6063,432,14.41,7.13,"Ksh49,025.40",75.26
834,Nairobi,YouTube Ads,"Ksh29,291.00",65474,1173,743,1.79,63.34,"Ksh53,285.45",81.92
835,Kakamega,YouTube Ads,"Ksh29,641.04",31291,7877,692,25.17,8.79,"Ksh80,799.51",172.59
836,Kakamega,YouTube Ads,"Ksh33,173.47",18004,8108,856,45.03,10.56,"Ksh136,059.91",310.15
837,Nairobi,Radio,"Ksh16,182.25",97757,9983,659,10.21,6.6,"Ksh43,484.31",168.72
838,Mombasa,Radio,"Ksh29,136.31",94760,2727,975,2.88,35.75,"Ksh111,409.34",282.37
839,Kisumu,Billboards,"Ksh5,701.50",49480,3036,211,6.14,6.95,"Ksh31,859.08",458.78
840,Nakuru,Newspaper,"Ksh25,280.66",61698,6855,254,11.11,3.71,"Ksh21,141.20",-16.37
841,Kakamega,YouTube Ads,"Ksh18,226.38",77877,281,72,0.36,25.62,"Ksh5,739.28",-68.51
842,Nakuru,Meta Ads,"Ksh31,980.26",65415,3999,768,6.11,19.2,"Ksh144,946.15",353.24
843,Kakamega,Meta Ads,"Ksh20,906.26",65720,9710,545,14.77,5.61,"Ksh106,474.41",409.29
844,Machakos,Meta Ads,"Ksh32,697.40",92186,4800,467,5.21,9.73,"Ksh77,744.68",137.77
845,Nakuru,YouTube Ads,"Ksh20,975.58",39335,4200,775,10.68,18.45,"Ksh129,508.78",517.43
846,Mombasa,Billboards,"Ksh5,882.79",67452,966,505,1.43,52.28,"Ksh74,242.30",1162.03
847,Nyeri,Meta Ads,"Ksh24,464.51",38167,7636,71,20.01,0.93,"Ksh10,281.48",-57.97
848,Nairobi,Billboards,"Ksh12,958.10",44829,7405,262,16.52,3.54,"Ksh34,808.97",168.63
849,Eldoret,Billboards,"Ksh46,838.14",39503,2017,581,5.11,28.81,"Ksh86,621.04",84.94
850,Mombasa,TV,"Ksh35,366.48",78430,8182,959,10.43,11.72,"Ksh147,169.75",316.13
851,Kakamega,Billboards,"Ksh19,986.14",79095,4515,500,5.71,11.07,"Ksh78,401.81",292.28
852,Eldoret,Billboards,"Ksh26,416.11",84372,5917,712,7.01,12.03,"Ksh79,305.58",200.22
853,Nyeri,Meta Ads,"Ksh9,338.88",2145,5154,781,240.28,15.15,"Ksh122,986.86",1216.93
854,Mombasa,Radio,"Ksh43,220.64",9515,5097,745,53.57,14.62,"Ksh45,193.02",4.56
855,Kakamega,YouTube Ads,"Ksh19,058.05",13795,4859,601,35.22,12.37,"Ksh119,955.30",529.42
856,Mombasa,Meta Ads,"Ksh33,136.34",40528,5537,972,13.66,17.55,"Ksh191,941.78",479.25
857,Nakuru,YouTube Ads,"Ksh3,516.09",67355,8237,175,12.23,2.12,"Ksh32,062.84",811.89
858,Kakamega,Billboards,"Ksh30,946.76",26276,5003,968,19.04,19.35,"Ksh102,438.51",231.02
859,Nakuru,Newspaper,"Ksh27,908.16",22778,5927,745,26.02,12.57,"Ksh72,283.33",159
860,Nyeri,TV,"Ksh28,775.71",83404,3598,20,4.31,0.56,"Ksh3,449.44",-88.01
861,Nairobi,Radio,"Ksh20,653.90",19924,2849,32,14.3,1.12,"Ksh3,008.47",-85.43
862,Nyeri,Newspaper,"Ksh28,729.13",54782,9867,202,18.01,2.05,"Ksh35,460.22",23.43
863,Mombasa,Newspaper,"Ksh48,024.08",44074,5650,511,12.82,9.04,"Ksh71,393.86",48.66
864,Nyeri,Newspaper,"Ksh44,185.51",70691,1796,710,2.54,39.53,"Ksh127,783.22",189.2
865,Machakos,Meta Ads,"Ksh23,998.99",38338,2611,757,6.81,28.99,"Ksh139,299.03",480.44
866,Nakuru,YouTube Ads,"Ksh17,961.72",65372,3920,231,6,5.89,"Ksh13,951.09",-22.33
867,Nakuru,YouTube Ads,"Ksh35,297.52",71305,505,320,0.71,63.37,"Ksh42,034.87",19.09
868,Eldoret,Billboards,"Ksh10,761.06",88453,294,651,0.33,221.43,"Ksh94,369.62",776.95
869,Eldoret,YouTube Ads,"Ksh26,197.43",42587,9472,483,22.24,5.1,"Ksh43,223.15",64.99
870,Kakamega,YouTube Ads,"Ksh41,219.62",66713,9629,364,14.43,3.78,"Ksh69,157.23",67.78
871,Nyeri,YouTube Ads,"Ksh22,985.05",14720,6230,760,42.32,12.2,"Ksh106,442.15",363.09
872,Machakos,Radio,"Ksh44,944.61",7694,9805,100,127.44,1.02,"Ksh9,930.29",-77.91
873,Kisumu,TV,"Ksh48,337.88",79573,5374,317,6.75,5.9,"Ksh56,361.48",16.6
874,Nairobi,YouTube Ads,"Ksh42,144.60",67545,9417,57,13.94,0.61,"Ksh4,108.72",-90.25
875,Kisumu,Billboards,"Ksh45,218.49",19985,5487,545,27.46,9.93,"Ksh69,918.30",54.62
876,Eldoret,Billboards,"Ksh24,196.08",55387,8790,807,15.87,9.18,"Ksh120,056.21",396.18
877,Mombasa,Newspaper,"Ksh32,749.85",35108,3759,251,10.71,6.68,"Ksh17,679.39",-46.02
878,Eldoret,Billboards,"Ksh5,499.24",86138,8092,938,9.39,11.59,"Ksh64,838.81",1079.05
879,Kisumu,YouTube Ads,"Ksh11,801.01",35757,5830,535,16.3,9.18,"Ksh56,483.55",378.63
880,Nyeri,Meta Ads,"Ksh49,882.74",1104,9986,238,904.53,2.38,"Ksh46,573.10",-6.63
881,Nairobi,Billboards,"Ksh18,363.14",89256,3848,959,4.31,24.92,"Ksh48,520.05",164.23
882,Nairobi,Meta Ads,"Ksh32,937.47",93056,9756,972,10.48,9.96,"Ksh53,526.08",62.51
883,Machakos,Radio,"Ksh4,970.44",81713,1376,605,1.68,43.97,"Ksh56,047.90",1027.62
884,Mombasa,Radio,"Ksh25,165.70",63421,6445,429,10.16,6.66,"Ksh72,734.60",189.02
885,Mombasa,Meta Ads,"Ksh25,734.60",76506,1832,850,2.39,46.4,"Ksh161,035.51",525.75
886,Nairobi,Billboards,"Ksh11,516.92",53491,2936,929,5.49,31.64,"Ksh146,566.94",1172.62
887,Mombasa,Radio,"Ksh47,553.38",57311,6393,598,11.15,9.35,"Ksh62,768.24",32
888,Eldoret,Radio,"Ksh27,475.88",24803,4640,874,18.71,18.84,"Ksh50,553.92",83.99
889,Nyeri,TV,"Ksh28,569.36",60232,2484,794,4.12,31.96,"Ksh60,627.42",112.21
890,Kisumu,Radio,"Ksh24,936.70",45056,2021,536,4.49,26.52,"Ksh27,205.39",9.1
891,Nyeri,TV,"Ksh35,824.62",98038,4410,166,4.5,3.76,"Ksh23,205.91",-35.22
892,Nairobi,Meta Ads,"Ksh42,160.10",75386,4389,549,5.82,12.51,"Ksh89,300.83",111.81
893,Nairobi,Newspaper,"Ksh15,626.91",8286,4636,846,55.95,18.25,"Ksh106,689.38",582.73
894,Nairobi,Newspaper,"Ksh32,144.99",44963,8206,893,18.25,10.88,"Ksh114,423.27",255.96
895,Machakos,YouTube Ads,"Ksh16,894.09",88565,5686,285,6.42,5.01,"Ksh21,369.25",26.49
896,Machakos,Billboards,"Ksh23,353.28",2717,4281,526,157.56,12.29,"Ksh36,656.43",56.96
897,Nakuru,Meta Ads,"Ksh15,757.56",7772,5388,862,69.33,16,"Ksh117,931.65",648.41
898,Eldoret,TV,"Ksh19,471.20",16434,415,968,2.53,233.25,"Ksh161,087.18",727.31
899,Machakos,YouTube Ads,"Ksh33,274.06",30199,6195,848,20.51,13.69,"Ksh93,539.16",181.12
900,Nairobi,Radio,"Ksh34,655.89",36979,8703,316,23.53,3.63,"Ksh35,014.82",1.04
901,Kisumu,Newspaper,"Ksh38,637.42",72923,4045,724,5.55,17.9,"Ksh92,240.09",138.73
902,Kisumu,Billboards,"Ksh24,477.52",43642,7854,346,18,4.41,"Ksh34,298.95",40.12
903,Nakuru,Newspaper,"Ksh46,370.08",97918,8808,477,9,5.42,"Ksh88,316.11",90.46
904,Kakamega,TV,"Ksh13,659.90",7774,8429,938,108.43,11.13,"Ksh92,433.23",576.68
905,Nyeri,YouTube Ads,"Ksh38,246.11",27577,4395,136,15.94,3.09,"Ksh7,549.70",-80.26
906,Mombasa,Meta Ads,"Ksh3,078.21",42644,1434,978,3.36,68.2,"Ksh50,678.18",1546.35
907,Nakuru,Newspaper,"Ksh2,032.28",89296,8792,209,9.85,2.38,"Ksh28,234.85",1289.32
908,Mombasa,Radio,"Ksh26,642.15",17096,901,615,5.27,68.26,"Ksh37,199.92",39.63
909,Nakuru,Meta Ads,"Ksh19,760.01",75915,4994,60,6.58,1.2,"Ksh7,237.48",-63.37
910,Eldoret,Billboards,"Ksh45,483.91",59312,7859,69,13.25,0.88,"Ksh10,460.67",-77
911,Nyeri,Meta Ads,"Ksh46,709.03",64979,3191,723,4.91,22.66,"Ksh122,827.47",162.96
912,Nairobi,Radio,"Ksh44,531.60",70565,6236,541,8.84,8.68,"Ksh84,171.39",89.01
913,Kisumu,Billboards,"Ksh24,626.28",79491,5791,857,7.29,14.8,"Ksh104,001.45",322.32
914,Eldoret,Meta Ads,"Ksh5,174.65",37996,1917,342,5.05,17.84,"Ksh52,222.53",909.2
915,Mombasa,Radio,"Ksh19,637.89",2989,7498,229,250.85,3.05,"Ksh24,219.91",23.33
916,Kisumu,TV,"Ksh26,419.77",47254,608,86,1.29,14.14,"Ksh11,708.88",-55.68
917,Nakuru,Radio,"Ksh11,912.05",44112,5611,550,12.72,9.8,"Ksh91,786.48",670.53
918,Kakamega,Meta Ads,"Ksh38,434.37",89554,5073,175,5.66,3.45,"Ksh16,477.63",-57.13
919,Nyeri,TV,"Ksh31,320.91",85703,9232,349,10.77,3.78,"Ksh65,025.16",107.61
920,Kisumu,TV,"Ksh20,977.81",89990,8500,668,9.45,7.86,"Ksh83,102.83",296.15
921,Nyeri,Billboards,"Ksh47,977.25",5543,1117,813,20.15,72.78,"Ksh43,520.24",-9.29
922,Kisumu,Radio,"Ksh18,320.67",29049,5873,608,20.22,10.35,"Ksh66,576.89",263.4
923,Kakamega,Radio,"Ksh20,344.51",92911,6118,512,6.58,8.37,"Ksh43,309.47",112.88
924,Kisumu,Meta Ads,"Ksh27,466.60",78706,6767,90,8.6,1.33,"Ksh15,106.90",-45
925,Machakos,Meta Ads,"Ksh41,436.54",95176,8821,40,9.27,0.45,"Ksh7,764.90",-81.26
926,Nyeri,Radio,"Ksh20,246.25",91940,4641,686,5.05,14.78,"Ksh62,621.20",209.3
927,Kakamega,Meta Ads,"Ksh4,316.36",15062,6674,184,44.31,2.76,"Ksh21,826.66",405.67
928,Machakos,Newspaper,"Ksh30,222.36",70267,7143,719,10.17,10.07,"Ksh90,029.84",197.89
929,Mombasa,Newspaper,"Ksh31,543.62",42227,1843,583,4.36,31.63,"Ksh38,517.36",22.11
930,Mombasa,Newspaper,"Ksh7,013.09",62749,4645,653,7.4,14.06,"Ksh54,309.04",674.4
931,Mombasa,Newspaper,"Ksh8,509.40",13133,1029,181,7.84,17.59,"Ksh14,196.46",66.83
932,Machakos,Meta Ads,"Ksh29,917.62",1371,4633,535,337.93,11.55,"Ksh106,635.50",256.43
933,Mombasa,Newspaper,"Ksh13,196.76",85228,5158,315,6.05,6.11,"Ksh25,867.76",96.02
934,Kakamega,Newspaper,"Ksh34,107.52",27780,9541,738,34.34,7.74,"Ksh115,639.55",239.04
935,Eldoret,Meta Ads,"Ksh37,982.03",89917,630,263,0.7,41.75,"Ksh24,194.70",-36.3
936,Eldoret,Radio,"Ksh10,108.13",96814,2326,632,2.4,27.17,"Ksh121,356.64",1100.58
937,Nakuru,Meta Ads,"Ksh29,321.61",88111,5768,758,6.55,13.14,"Ksh78,162.88",166.57
938,Nakuru,Meta Ads,"Ksh40,399.67",36109,1038,848,2.87,81.7,"Ksh161,672.48",300.18
939,Nairobi,YouTube Ads,"Ksh7,217.61",90189,6045,404,6.7,6.68,"Ksh49,317.72",583.3
940,Nyeri,Meta Ads,"Ksh48,025.39",36515,5365,519,14.69,9.67,"Ksh32,636.77",-32.04
941,Eldoret,Billboards,"Ksh38,488.36",1250,1681,525,134.48,31.23,"Ksh82,036.03",113.15
942,Eldoret,Radio,"Ksh6,341.55",80215,9220,817,11.49,8.86,"Ksh122,495.25",1831.63
943,Nairobi,TV,"Ksh42,510.59",4296,8551,472,199.05,5.52,"Ksh25,116.07",-40.92
944,Nairobi,YouTube Ads,"Ksh42,208.67",36045,1198,435,3.32,36.31,"Ksh70,409.48",66.81
945,Eldoret,YouTube Ads,"Ksh21,026.39",44317,4962,435,11.2,8.77,"Ksh56,612.33",169.24
946,Mombasa,TV,"Ksh35,661.91",83545,6904,913,8.26,13.22,"Ksh150,141.61",321.01
947,Mombasa,Meta Ads,"Ksh19,714.95",22932,6445,832,28.1,12.91,"Ksh67,522.84",242.5
948,Mombasa,Radio,"Ksh11,378.30",87710,8921,660,10.17,7.4,"Ksh122,126.46",973.33
949,Kakamega,YouTube Ads,"Ksh18,590.09",90345,5235,38,5.79,0.73,"Ksh7,585.63",-59.2
950,Mombasa,YouTube Ads,"Ksh25,289.74",79716,5653,505,7.09,8.93,"Ksh86,720.57",242.91
951,Kakamega,Billboards,"Ksh47,866.47",22421,4754,86,21.2,1.81,"Ksh5,702.50",-88.09
952,Machakos,TV,"Ksh41,824.15",64440,2567,575,3.98,22.4,"Ksh69,318.11",65.74
953,Nyeri,YouTube Ads,"Ksh31,701.92",38152,885,722,2.32,81.58,"Ksh111,508.23",251.74
954,Kisumu,Newspaper,"Ksh25,457.61",67497,2394,519,3.55,21.68,"Ksh49,696.42",95.21
955,Eldoret,TV,"Ksh12,792.15",54448,1606,519,2.95,32.32,"Ksh85,679.12",569.78
956,Machakos,TV,"Ksh31,680.44",86084,7511,280,8.73,3.73,"Ksh23,436.51",-26.02
957,Mombasa,Radio,"Ksh2,351.56",32077,9765,212,30.44,2.17,"Ksh28,291.85",1103.11
958,Machakos,Newspaper,"Ksh18,070.98",47425,9282,599,19.57,6.45,"Ksh87,683.20",385.22
959,Nakuru,Meta Ads,"Ksh9,128.33",78200,6110,683,7.81,11.18,"Ksh71,980.13",688.54
960,Nyeri,YouTube Ads,"Ksh29,146.51",43720,6881,904,15.74,13.14,"Ksh74,934.39",157.1
961,Machakos,TV,"Ksh36,453.21",93543,4298,157,4.59,3.65,"Ksh30,023.97",-17.64
962,Nairobi,Meta Ads,"Ksh5,222.22",84719,9123,607,10.77,6.65,"Ksh120,075.34",2199.32
963,Mombasa,Newspaper,"Ksh26,864.19",93448,6394,349,6.84,5.46,"Ksh59,149.48",120.18
964,Nakuru,TV,"Ksh17,174.80",71020,2019,968,2.84,47.94,"Ksh139,742.99",713.65
965,Mombasa,Newspaper,"Ksh20,176.91",85311,1515,51,1.78,3.37,"Ksh4,034.90",-80
966,Eldoret,Newspaper,"Ksh2,819.58",47623,187,164,0.39,87.7,"Ksh11,270.08",299.71
967,Machakos,Billboards,"Ksh15,587.34",27989,4405,383,15.74,8.69,"Ksh26,131.07",67.64
968,Nyeri,TV,"Ksh12,256.27",56848,9930,767,17.47,7.72,"Ksh51,185.85",317.63
969,Kakamega,TV,"Ksh13,972.62",96853,9088,449,9.38,4.94,"Ksh32,693.66",133.98
970,Machakos,YouTube Ads,"Ksh33,817.92",64820,6244,730,9.63,11.69,"Ksh83,399.90",146.61
971,Nairobi,Radio,"Ksh14,686.72",60283,6051,678,10.04,11.2,"Ksh86,481.17",488.84
972,Kakamega,Billboards,"Ksh49,595.15",7493,6781,256,90.5,3.78,"Ksh50,192.45",1.2
973,Kisumu,Billboards,"Ksh16,469.29",72783,4008,505,5.51,12.6,"Ksh42,223.10",156.37
974,Nyeri,Radio,"Ksh15,032.52",57189,8924,403,15.6,4.52,"Ksh48,655.30",223.67
975,Nyeri,Meta Ads,"Ksh8,580.99",21410,6645,263,31.04,3.96,"Ksh37,313.76",334.84
976,Eldoret,Billboards,"Ksh37,141.26",43042,6125,839,14.23,13.7,"Ksh46,583.11",25.42
977,Mombasa,Billboards,"Ksh35,895.69",89886,1468,533,1.63,36.31,"Ksh79,125.17",120.43
978,Nyeri,Newspaper,"Ksh17,400.39",65558,3097,741,4.72,23.93,"Ksh53,249.20",206.02
979,Mombasa,Meta Ads,"Ksh16,896.68",63443,6860,551,10.81,8.03,"Ksh39,801.97",135.56
980,Nakuru,Meta Ads,"Ksh40,257.47",41258,438,673,1.06,153.65,"Ksh114,064.77",183.34
981,Nyeri,Billboards,"Ksh35,792.84",38569,1125,507,2.92,45.07,"Ksh53,071.24",48.27
982,Mombasa,TV,"Ksh17,818.73",73714,8119,91,11.01,1.12,"Ksh9,459.37",-46.91
983,Kisumu,Newspaper,"Ksh33,575.15",95982,3310,38,3.45,1.15,"Ksh7,295.62",-78.27
984,Nyeri,YouTube Ads,"Ksh45,885.19",10311,1609,379,15.6,23.56,"Ksh52,463.74",14.34
985,Nyeri,Meta Ads,"Ksh25,689.12",89428,3823,500,4.27,13.08,"Ksh87,545.19",240.79
986,Machakos,Billboards,"Ksh43,580.49",99830,6031,591,6.04,9.8,"Ksh35,341.40",-18.91
987,Nairobi,YouTube Ads,"Ksh14,084.70",32773,3759,304,11.47,8.09,"Ksh30,716.74",118.09
988,Machakos,Meta Ads,"Ksh20,254.28",63207,9797,916,15.5,9.35,"Ksh46,490.56",129.53
989,Mombasa,YouTube Ads,"Ksh10,812.03",5770,6365,363,110.31,5.7,"Ksh22,793.05",110.81
990,Nyeri,Radio,"Ksh23,695.96",1336,3726,699,278.89,18.76,"Ksh118,309.43",399.28
991,Nakuru,YouTube Ads,"Ksh37,021.29",52358,1671,790,3.19,47.28,"Ksh76,856.20",107.6
992,Machakos,Meta Ads,"Ksh9,248.03",42037,8988,972,21.38,10.81,"Ksh163,597.29",1669
993,Eldoret,YouTube Ads,"Ksh14,851.43",41143,444,32,1.08,7.21,"Ksh5,406.87",-63.59
994,Nakuru,YouTube Ads,"Ksh35,335.95",57417,7512,281,13.08,3.74,"Ksh35,625.06",0.82
995,Eldoret,Billboards,"Ksh11,977.60",82717,9917,796,11.99,8.03,"Ksh79,397.69",562.88
996,Nakuru,Newspaper,"Ksh15,132.74",25741,5809,555,22.57,9.55,"Ksh49,430.62",226.65
997,Nyeri,YouTube Ads,"Ksh46,731.71",15722,329,114,2.09,34.65,"Ksh12,748.65",-72.72
998,Kisumu,Newspaper,"Ksh39,636.61",6885,5551,477,80.62,8.59,"Ksh27,503.71",-30.61
999,Nyeri,YouTube Ads,"Ksh28,878.06",91079,7563,438,8.3,5.79,"Ksh71,987.17",149.28
1000,Kisumu,YouTube Ads,"Ksh22,075.74",26862,2555,421,9.51,16.48,"Ksh21,497.28",-2.62
